ID,LAT,LON,SPEED,ACTIVITY
0,59.88133977,10.82836321,1.78637186303,Walking
1,59.88129574,10.82834306,1.93121287673,Walking
2,59.88128131,10.82825661,1.81855871232,Walking
3,59.88124394,10.82819587,2.17261443837,Walking
4,59.88120358,10.82816325,1.46450308221,Stationary
5,59.88117297,10.82812002,1.62543742465,Walking
6,59.88113545,10.82808255,2.65541756163,Walking
7,59.88111234,10.82800586,1.62543742465,Walking
8,59.88108145,10.82795048,2.01168,Walking
9,59.88105874,10.82786905,1.35184891779,Stationary
10,59.88101865,10.82784097,2.0760536986,Walking
11,59.88097489,10.82779709,2.05996027396,Walking
12,59.88095724,10.82771801,2.84853884931,Walking
13,59.88091968,10.82766278,2.3496423014,Walking
14,59.88088357,10.82762899,1.06216708221,Stationary
15,59.88085914,10.82756919,2.09214712327,Walking
16,59.88085257,10.82748325,2.09214712327,Walking
17,59.88083729,10.82740561,2.30136183559,Walking
18,59.88083522,10.82732693,2.01168,Walking
19,59.88080597,10.82728302,2.20480128768,Walking
20,59.8807941,10.82719558,1.75418501372,Walking
21,59.88078022,10.82711691,1.04607356163,Stationary
22,59.88074955,10.82707139,2.62323071232,Walking
23,59.88073861,10.82697535,2.12433416441,Walking
24,59.88072308,10.82690539,2.04386684931,Walking
25,59.8807004,10.82684705,2.49448312327,Walking
26,59.88068186,10.82675174,2.86463227396,Walking
27,59.88065808,10.82668164,2.26917498628,Walking
28,59.88065192,10.82659685,1.72199816441,Walking
29,59.88063302,10.82652525,1.36794243837,Stationary
30,59.8806226,10.82645664,1.89902583559,Walking
31,59.88059713,10.82637892,1.81855871232,Walking
32,59.88056381,10.82632246,2.02777342465,Walking
33,59.88054404,10.82616618,1.44840956163,Stationary
34,59.88052423,10.82610565,2.15652101372,Walking
35,59.88052322,10.82602178,2.02777342465,Walking
36,59.88050862,10.82594981,2.60713728768,Walking
37,59.88054958,10.82623738,1.78637186303,Walking
38,59.88049332,10.82585644,2.36573572604,Walking
39,59.88045982,10.82579854,1.5771571507,Walking
40,59.8804189,10.82576664,1.46450308221,Stationary
41,59.88041523,10.82569482,1.81855871232,Walking
42,59.88040907,10.82559822,1.65762427396,Walking
43,59.88036571,10.82556065,2.70369783559,Walking
44,59.8803258,10.82556877,2.20480128768,Walking
45,59.88028146,10.82556576,1.97949315069,Walking
46,59.88024627,10.82563374,4.24866832882,Walking
47,59.88021308,10.82567434,2.63932413697,Walking
48,59.88017548,10.82574988,2.39792257535,Walking
49,59.88013393,10.82574823,1.85074556163,Walking
50,59.88010813,10.82583354,2.62323071232,Walking
51,59.88005861,10.82583737,1.93121287673,Walking
52,59.88000436,10.8258431,2.36573572604,Walking
53,59.87996525,10.82582266,2.7519783014,Walking
54,59.87993907,10.82577037,1.5771571507,Walking
55,59.87992566,10.82568866,1.85074556163,Walking
56,59.87991281,10.82559612,2.09214712327,Walking
57,59.87988856,10.82550827,1.70590454791,Walking
58,59.87986689,10.82544464,1.96339972604,Walking
59,59.87984366,10.8253751,2.26917498628,Walking
60,59.87982847,10.82530465,1.80246528768,Walking
61,59.87981083,10.82522092,2.14042758907,Walking
62,59.87979496,10.82515183,2.26917498628,Walking
63,59.87976473,10.82509949,1.88293241093,Walking
64,59.87975919,10.8250246,1.93121287673,Walking
65,59.87972803,10.82496243,1.56106372604,Walking
66,59.8796839,10.82479729,9.78481139722,Walking
67,59.87963985,10.82462085,11.7643045479,Driving
68,59.87958451,10.82440252,17.2038866847,Driving
69,59.87954838,10.82420099,18.0407463013,Driving
70,59.87949945,10.82400562,17.7188778084,Driving
71,59.87945215,10.82378912,19.312128,Driving
72,59.879401,10.82357323,19.5857166028,Driving
73,59.87933897,10.8233566,20.1168,Driving
74,59.87929963,10.82315748,18.4108946847,Driving
75,59.87924759,10.82297584,18.0407463013,Driving
76,59.8792152,10.82277925,17.6866901916,Driving
77,59.8791753,10.8225815,18.1533998903,Driving
78,59.87914299,10.82239682,17.8959050959,Driving
79,59.87910884,10.82221035,17.863719014,Driving
80,59.87911415,10.82197759,19.2638481097,Driving
81,59.87910414,10.82174495,19.4891552875,Driving
82,59.87910138,10.82154939,19.5857166028,Driving
83,59.87908152,10.82135126,18.8776043832,Driving
84,59.87908029,10.82110693,19.151192986,Driving
85,59.87905478,10.8208886,18.4269884931,Driving
86,59.87904998,10.82066751,18.5879235069,Driving
87,59.87903448,10.82045944,17.702784,Driving
88,59.87899362,10.8202586,18.2499612056,Driving
89,59.87895813,10.82007786,18.1212138084,Driving
90,59.87892084,10.81988133,18.7971384112,Driving
91,59.87887194,10.81968724,19.4086893153,Driving
92,59.87883785,10.81956722,17.300448,Driving
93,59.87877781,10.81935329,19.1029130959,Driving
94,59.8787122,10.81914996,19.3765016987,Driving
95,59.87859073,10.81911182,18.668391014,Driving
96,59.8784798,10.81909988,18.507456,Driving
97,59.87837513,10.81904285,19.2638481097,Driving
98,59.87827105,10.81900112,19.151192986,Driving
99,59.87815984,10.81895928,19.2960341916,Driving
100,59.87805307,10.8189863,18.8615121097,Driving
101,59.877942,10.81901404,19.2316604931,Driving
102,59.87783695,10.81907068,19.6983701916,Driving
103,59.87772851,10.81909062,19.553528986,Driving
104,59.87762495,10.81906138,19.6179026847,Driving
105,59.87750781,10.81910785,19.9719587944,Driving
106,59.87740038,10.81907996,19.4891552875,Driving
107,59.8772866,10.81903587,19.4408753972,Driving
108,59.87717443,10.81903293,19.0385393972,Driving
109,59.8770644,10.81900329,19.1029130959,Driving
110,59.87687485,10.81888877,17.9119989041,Driving
111,59.87677283,10.81880068,18.7649507944,Driving
112,59.87667089,10.81871462,19.1833806028,Driving
113,59.876567,10.81859592,19.1029130959,Driving
114,59.87649282,10.81849811,18.0729323832,Driving
115,59.87642256,10.8184596,16.5762435069,Driving
116,59.87636491,10.81824986,17.139512986,Driving
117,59.87627918,10.81810753,17.3487278903,Driving
118,59.87620443,10.81794374,18.4430823013,Driving
119,59.87611843,10.81782007,17.4774752875,Driving
120,59.87601599,10.81769647,17.6384103013,Driving
121,59.87593078,10.81758223,17.7671576987,Driving
122,59.87582161,10.81751897,18.0246524931,Driving
123,59.87572409,10.81740863,18.4913621916,Driving
124,59.87567848,10.81719243,17.8798112875,Driving
125,59.87565156,10.81700021,17.5257567125,Driving
126,59.87558521,10.8168723,17.1877944112,Driving
127,59.87548202,10.81678258,16.6728032875,Driving
128,59.87536582,10.81676215,15.7232916167,Driving
129,59.87529005,10.81668372,14.7898706847,Driving
130,59.87527494,10.81656641,12.5367896986,Driving
131,59.87521289,10.81652053,11.2975948493,Driving
132,59.87519893,10.81641914,9.54340964374,Walking
133,59.87513134,10.8163904,6.03504,Walking
134,59.87516168,10.81625802,3.78195824652,Walking
135,59.87519564,10.81622721,1.46450308221,Stationary
136,59.87523114,10.81620765,0.0,Stationary
137,59.87522518,10.81613702,12.1183606577,Driving
138,59.87503409,10.81589453,17.944184986,Driving
139,59.87498487,10.81546621,21.9997326028,Driving
140,59.87500676,10.81491046,27.2622882196,Driving
141,59.87486358,10.81457802,29.5475568223,Driving
142,59.87476261,10.81435916,28.4210147944,Driving
143,59.87472543,10.8142376,22.8687783013,Driving
144,59.87466316,10.81419358,18.8615121097,Driving
145,59.87453041,10.81411324,19.2316604931,Driving
146,59.87444854,10.81395772,19.2638481097,Driving
147,59.87437864,10.81384449,18.8293244931,Driving
148,59.87432067,10.81374318,18.266055014,Driving
149,59.87427866,10.81360347,17.6545041097,Driving
150,59.87418866,10.81352185,17.5257567125,Driving
151,59.87409447,10.8134437,17.3165418084,Driving
152,59.87402104,10.81332485,17.1234207125,Driving
153,59.87393396,10.81323201,17.300448,Driving
154,59.87392825,10.81307866,15.3370478903,Driving
155,59.87397775,10.81283946,14.6289372056,Driving
156,59.8739961,10.81257176,15.288768,Driving
157,59.87401148,10.81241081,14.4197223014,Driving
158,59.87398474,10.81235036,11.6999308493,Driving
159,59.87397962,10.81227398,8.1110936986,Walking
160,59.87395213,10.81216024,7.43516909583,Walking
161,59.87392631,10.81205623,6.42128257535,Walking
162,59.87388751,10.81200605,4.90849912327,Walking
163,59.87384216,10.81200059,4.63491090417,Walking
164,59.87380427,10.81200455,4.57053682187,Walking
165,59.87377789,10.81206466,4.18429424652,Walking
166,59.87374492,10.8121205,6.00285315069,Walking
167,59.87367855,10.81218016,7.95015945209,Walking
168,59.87362737,10.81218758,8.36858849305,Walking
169,59.87357971,10.81220993,7.41907605486,Walking
170,59.87353993,10.81223539,7.27423484931,Walking
171,59.87350593,10.81227361,7.12939364374,Walking
172,59.87347333,10.81223986,6.5017496986,Walking
173,59.87347328,10.81215991,2.91291254791,Walking
174,59.87339662,10.81214718,4.3613223014,Walking
175,59.87345758,10.81212664,0.0,Stationary
176,59.87349172,10.81216554,0.0,Stationary
177,59.87347651,10.81223086,0.0,Stationary
178,59.87343535,10.81226428,5.32692854791,Walking
179,59.87338488,10.81230412,5.74535797256,Walking
180,59.87330707,10.8123564,5.98675972604,Walking
181,59.87326948,10.8123854,5.42348909583,Walking
182,59.87320128,10.81244019,5.53614345209,Walking
183,59.87314539,10.81247618,5.02115309583,Walking
184,59.87307007,10.81250222,5.89019917813,Walking
185,59.87298521,10.81259555,9.06060690417,Walking
186,59.87292437,10.81262702,9.9940263014,Walking
187,59.8728427,10.81270492,11.9413326028,Driving
188,59.87277155,10.81270015,12.6494440549,Driving
189,59.87269309,10.81274894,13.3414616986,Driving
190,59.87261528,10.81279241,13.9530126028,Driving
191,59.87253656,10.81282688,14.6933109042,Driving
192,59.87245561,10.81287806,15.5784504111,Driving
193,59.87236139,10.81292191,16.3187487125,Driving
194,59.87225688,10.81302837,16.6728032875,Driving
195,59.87218029,10.81310196,15.7876653153,Driving
196,59.87208486,10.81321669,17.7671576987,Driving
197,59.87198751,10.81329758,18.0407463013,Driving
198,59.87191023,10.81334778,17.8476252056,Driving
199,59.87177011,10.8134296,19.070727014,Driving
200,59.87167164,10.81350975,19.1351007125,Driving
201,59.87161329,10.81350016,18.748856986,Driving
202,59.87151361,10.81358236,18.7005770959,Driving
203,59.87143923,10.81362046,17.5901304112,Driving
204,59.87134367,10.81365256,17.8154375888,Driving
205,59.87124559,10.81371661,18.6362033972,Driving
206,59.87111671,10.8138139,19.8593052056,Driving
207,59.87101327,10.81388181,18.8615121097,Driving
208,59.87090865,10.81394789,18.8132306847,Driving
209,59.87081958,10.81399188,19.0385393972,Driving
210,59.87072025,10.81406499,18.6040173153,Driving
211,59.87062586,10.81413503,17.8315313972,Driving
212,59.87052445,10.81418732,16.5440558903,Driving
213,59.87044341,10.81424952,15.5301689861,Driving
214,59.8703706,10.81423819,13.6955178083,Driving
215,59.87031419,10.81423449,12.6816309042,Driving
216,59.87025154,10.81427397,12.9713133153,Driving
217,59.87018059,10.81430535,12.4402291507,Driving
218,59.87012407,10.81430394,11.9735194521,Driving
219,59.87007081,10.81427602,11.7643045479,Driving
220,59.86998974,10.8141961,13.5023967125,Driving
221,59.86990259,10.8141361,14.3875346847,Driving
222,59.86983553,10.8140395,15.6750101917,Driving
223,59.86976975,10.81397343,16.5762435069,Driving
224,59.86965964,10.81390113,17.5257567125,Driving
225,59.86956954,10.81380613,18.1212138084,Driving
226,59.86949623,10.81372924,17.300448,Driving
227,59.86941671,10.8136595,16.9463918903,Driving
228,59.8693139,10.81357681,16.7854584112,Driving
229,59.86923655,10.8135181,16.8337383013,Driving
230,59.86914757,10.81343943,16.4314023013,Driving
231,59.86905011,10.81340984,16.1095338084,Driving
232,59.86893439,10.81337626,16.8015506847,Driving
233,59.86885778,10.81335742,14.9025258083,Driving
234,59.86878374,10.81333845,13.8886389042,Driving
235,59.86873383,10.81330878,12.8908458083,Driving
236,59.86866401,10.81331286,12.7620976437,Driving
237,59.86859774,10.81334533,11.5068097535,Driving
238,59.86855614,10.81329642,9.39856920557,Walking
239,59.86849306,10.81333099,8.48124284931,Walking
240,59.8684439,10.8133095,8.449056,Train
241,59.8684516,10.81323407,2.89681912327,Train
242,59.86839766,10.81325063,7.11330060278,Train
243,59.86834383,10.81329972,8.28812175348,Train
244,59.86830132,10.81333686,7.83750509583,Train
245,59.86822178,10.81337495,10.0101193423,Train
246,59.86815871,10.81343096,9.68825084931,Train
247,59.86810339,10.81344506,8.98013939722,Train
248,59.8680413,10.81343632,8.449056,Train
249,59.8679733,10.81347103,8.62608405486,Train
250,59.86793791,10.81349997,7.9823463014,Train
251,59.86789849,10.81353949,7.46735594514,Train
252,59.86786328,10.81357173,7.40298224652,Train
253,59.86779489,10.81361018,9.23763419165,Train
254,59.86771976,10.81363517,10.2515210958,Train
255,59.86762781,10.81362065,12.6977239451,Driving
256,59.86752542,10.81363801,11.9091457535,Driving
257,59.86745914,10.81362027,12.5689765479,Driving
258,59.86739068,10.81364093,12.9069396167,Driving
259,59.86730863,10.81366764,13.4863029042,Driving
260,59.86720568,10.81367713,14.1944135889,Driving
261,59.86714536,10.81371472,13.4541152875,Driving
262,59.867084,10.81372624,11.8769589042,Driving
263,59.86700339,10.81372215,11.9252387944,Driving
264,59.86690894,10.81379145,13.0839669042,Driving
265,59.86685275,10.81383844,12.8103783014,Driving
266,59.86676646,10.81387603,14.2748810958,Driving
267,59.86670492,10.8138676,14.3231609861,Driving
268,59.86664955,10.81390171,14.0173863014,Driving
269,59.86655908,10.8139522,14.5323758903,Driving
270,59.86648661,10.81399935,15.208300493,Driving
271,59.86640185,10.81405345,15.0151793972,Driving
272,59.86631025,10.81412556,17.0268593972,Driving
273,59.86622914,10.81418211,15.8198513972,Driving
274,59.86613147,10.81423142,16.6245233972,Driving
275,59.86603387,10.81431389,17.4131015888,Driving
276,59.86593901,10.81437185,17.2521681097,Driving
277,59.86583352,10.8144463,18.4108946847,Driving
278,59.86573923,10.81451172,17.6223164931,Driving
279,59.86564351,10.81455778,15.9003189042,Driving
280,59.86556674,10.81459832,14.5323758903,Driving
281,59.86550446,10.81464143,14.3070687125,Driving
282,59.86542473,10.81466645,14.3231609861,Driving
283,59.86537316,10.81467833,12.9230318903,Driving
284,59.86528254,10.81469798,13.357555507,Driving
285,59.86513444,10.8146832,11.0079132056,Driving
286,59.86509463,10.81472624,5.13380745209,Walking
287,59.86505895,10.81474778,3.36352882187,Walking
288,59.86508526,10.81479893,0.531083541103,Stationary
289,59.86513253,10.81475815,0.0,Stationary
290,59.86503932,10.81488508,7.86969194514,Walking
291,59.86496185,10.81493494,9.33419550695,Walking
292,59.86489394,10.81497043,9.656064,Walking
293,59.86479809,10.81505018,13.7437976986,Driving
294,59.86469561,10.81511707,15.288768,Driving
295,59.86461284,10.81518708,16.3831224112,Driving
296,59.86451588,10.81523046,16.5440558903,Driving
297,59.86445113,10.81527572,15.3048618083,Driving
298,59.86432895,10.81535257,14.5484696986,Driving
299,59.86427142,10.81537855,13.8886389042,Driving
300,59.86418723,10.81542256,13.7759853153,Driving
301,59.8640918,10.81544737,14.3875346847,Driving
302,59.86400872,10.81550418,13.5345827944,Driving
303,59.86394549,10.8155748,12.9230318903,Driving
304,59.86387742,10.81561134,12.8264713423,Driving
305,59.86379608,10.81558713,13.7920775889,Driving
306,59.8637191,10.81556472,14.6611232875,Driving
307,59.86362757,10.81553893,15.7232916167,Driving
308,59.86354116,10.81547111,16.1578136987,Driving
309,59.86344136,10.81540306,16.8337383013,Driving
310,59.86335914,10.8153762,16.495776,Driving
311,59.86325443,10.81529302,16.7532707944,Driving
312,59.86311655,10.81524885,18.4430823013,Driving
313,59.86300344,10.8152131,19.0063533153,Driving
314,59.86290719,10.81522777,16.6084295888,Driving
315,59.86279205,10.81523183,17.8315313972,Driving
316,59.86270936,10.81521733,15.1600206028,Driving
317,59.86260541,10.81524412,16.0290663014,Driving
318,59.86253755,10.81528599,16.6728032875,Driving
319,59.86241433,10.81535999,17.3165418084,Driving
320,59.8623149,10.81541796,16.8820181916,Driving
321,59.86223883,10.81543265,16.3831224112,Driving
322,59.8621697,10.81546181,14.484096,Driving
323,59.86211877,10.81554772,12.8586581917,Driving
324,59.86204258,10.81555749,11.748211507,Driving
325,59.86196905,10.81560341,11.7160246577,Driving
326,59.86190708,10.81560586,12.1022668493,Driving
327,59.86182687,10.81561821,13.679424,Driving
328,59.86173575,10.81556234,15.3853293153,Driving
329,59.86165016,10.81553691,16.3026549041,Driving
330,59.86154472,10.81546901,17.1877944112,Driving
331,59.86143932,10.8153953,17.8959050959,Driving
332,59.8613385,10.81533531,18.8132306847,Driving
333,59.86124366,10.81524221,18.9741656987,Driving
334,59.86115481,10.81515884,18.6362033972,Driving
335,59.86104394,10.81511219,18.7166709041,Driving
336,59.86096504,10.81506515,17.7993453153,Driving
337,59.86090872,10.81492412,16.3187487125,Driving
338,59.86078673,10.81484822,17.9924664112,Driving
339,59.86072637,10.81474346,17.2521681097,Driving
340,59.86068463,10.81456498,17.2199804931,Driving
341,59.86062715,10.81440534,16.5762435069,Driving
342,59.86058601,10.81425485,16.0290663014,Driving
343,59.86055959,10.81406233,16.5601496987,Driving
344,59.86052406,10.81390608,15.9325049861,Driving
345,59.86049766,10.81375007,16.254375014,Driving
346,59.86047363,10.81355413,16.8176444931,Driving
347,59.86044121,10.81339121,16.4153084931,Driving
348,59.86045125,10.81322262,15.6589163833,Driving
349,59.86043684,10.8130786,14.2748810958,Driving
350,59.8604234,10.81293693,13.6472363833,Driving
351,59.86043129,10.81280847,12.8586581917,Driving
352,59.86043958,10.81263104,13.598956493,Driving
353,59.86041355,10.81248855,13.3253678903,Driving
354,59.8604327,10.81235477,13.8403590139,Driving
355,59.86039385,10.81223395,15.0312732056,Driving
356,59.86039211,10.81202573,15.4979829042,Driving
357,59.86038659,10.81181947,16.5601496987,Driving
358,59.86038555,10.81162844,16.9302996168,Driving
359,59.86038401,10.81143146,16.9785795069,Driving
360,59.86037991,10.81119639,17.3326356168,Driving
361,59.86038246,10.81103208,16.5762435069,Driving
362,59.86037054,10.81084196,16.6888970959,Driving
363,59.86036349,10.81068828,14.403628493,Driving
364,59.86034749,10.81059933,10.8791658083,Driving
365,59.86034506,10.81049921,10.6055772056,Driving
366,59.86033943,10.81039162,9.38247539722,Walking
367,59.8603195,10.81031521,9.54340964374,Walking
368,59.86030946,10.81019426,10.782604493,Driving
369,59.86032167,10.81005296,11.1366606028,Driving
370,59.86032902,10.80991794,12.6494440549,Driving
371,59.86032313,10.80975274,13.1322467944,Driving
372,59.86030654,10.80963565,13.6311441097,Driving
373,59.86029899,10.80948595,13.8725450958,Driving
374,59.86030187,10.80931158,14.6450310139,Driving
375,59.86032265,10.80910971,15.6589163833,Driving
376,59.86033039,10.80894203,16.1739075069,Driving
377,59.86033406,10.80878811,15.5784504111,Driving
378,59.8603502,10.80859184,15.8198513972,Driving
379,59.86036706,10.80841145,16.3992146847,Driving
380,59.86037317,10.80822865,16.6084295888,Driving
381,59.86039036,10.80803069,17.5579427944,Driving
382,59.86040205,10.8078145,17.8798112875,Driving
383,59.86043093,10.80762512,16.898112,Driving
384,59.86044159,10.80743937,17.2199804931,Driving
385,59.86046974,10.807226,17.6223164931,Driving
386,59.86046937,10.80706586,16.7532707944,Driving
387,59.86048598,10.80688528,16.6888970959,Driving
388,59.86050593,10.80669864,17.1073269041,Driving
389,59.86051237,10.80653822,17.0912330959,Driving
390,59.86053712,10.80634485,17.1717006028,Driving
391,59.86057304,10.80616429,17.5096629041,Driving
392,59.86058236,10.80598931,16.8015506847,Driving
393,59.86060302,10.80582087,16.6406172056,Driving
394,59.86060014,10.80560328,17.139512986,Driving
395,59.86061576,10.80543226,16.7693646028,Driving
396,59.8606289,10.80524259,17.3648216987,Driving
397,59.86064614,10.80498836,18.4913621916,Driving
398,59.86065949,10.80480217,17.7188778084,Driving
399,59.86067437,10.80461283,17.863719014,Driving
400,59.86068417,10.80444283,17.8315313972,Driving
401,59.86072059,10.8042698,16.8498321097,Driving
402,59.86072797,10.80409997,16.1900013153,Driving
403,59.86074794,10.80387649,15.7071978083,Driving
404,59.86075868,10.80370577,15.1439267944,Driving
405,59.86076882,10.80359453,15.4497030139,Driving
406,59.86079799,10.80338719,15.1922066847,Driving
407,59.86080242,10.80327022,13.1161529861,Driving
408,59.86083472,10.80312436,13.7437976986,Driving
409,59.86085736,10.80296311,14.5967495889,Driving
410,59.86086399,10.8028187,14.6611232875,Driving
411,59.86087087,10.80269345,13.2127143014,Driving
412,59.8608831,10.80252663,14.3070687125,Driving
413,59.86089367,10.80244218,12.3597616437,Driving
414,59.86090531,10.80236844,12.0057063014,Driving
415,59.86091394,10.80225569,12.0217993423,Driving
416,59.8609087,10.80216572,10.6699509042,Driving
417,59.86091364,10.80207891,9.84918509583,Walking
418,59.86093032,10.80200145,9.06060690417,Walking
419,59.86094482,10.80188765,8.12718750695,Walking
420,59.86096194,10.8017913,6.79143134234,Walking
421,59.86094202,10.8016877,4.03945342465,Walking
422,59.86094248,10.80159746,8.59389720557,Walking
423,59.86094167,10.80144895,9.14107364374,Walking
424,59.86091519,10.80128104,8.75483145209,Walking
425,59.86088209,10.8011535,8.7870183014,Walking
426,59.86088544,10.80105801,7.37079539722,Walking
427,59.86087637,10.80097161,6.11550712327,Walking
428,59.86087474,10.80086091,4.73147145209,Walking
429,59.8608105,10.80083702,5.60051715069,Walking
430,59.8607579,10.80083419,7.03283309583,Walking
431,59.86066403,10.80088005,8.80311134234,Walking
432,59.8605975,10.80090868,11.3941553972,Driving
433,59.8605193,10.80096378,12.8908458083,Driving
434,59.86045032,10.80103576,13.4380230139,Driving
435,59.86036787,10.80113417,14.6772170958,Driving
436,59.86029837,10.8012148,14.7737784111,Driving
437,59.86022228,10.80127533,14.2105073972,Driving
438,59.86014072,10.80132799,14.0173863014,Driving
439,59.86006393,10.80136982,12.9069396167,Driving
440,59.86002997,10.80140082,10.5572965479,Driving
441,59.85998937,10.80141868,8.98013939722,Walking
442,59.85995186,10.80142733,6.82361819165,Walking
443,59.85990704,10.80146071,3.89461260278,Walking
444,59.859868,10.80143673,2.10824054791,Walking
445,59.85981725,10.80143849,3.9589863014,Walking
446,59.85977606,10.80147313,5.9706663014,Walking
447,59.85970364,10.80148864,9.12498060278,Walking
448,59.85964474,10.80152859,9.75262454791,Walking
449,59.8595809,10.80152075,12.0378931507,Driving
450,59.85949226,10.80150045,12.6494440549,Driving
451,59.85942438,10.80151427,12.7138177535,Driving
452,59.85932606,10.80153723,13.679424,Driving
453,59.85923534,10.80157453,13.277088,Driving
454,59.85915942,10.80160091,13.0678730958,Driving
455,59.85908511,10.80161601,13.0034993972,Driving
456,59.85901651,10.80161323,14.08176,Driving
457,59.85892188,10.80159359,14.6450310139,Driving
458,59.8588465,10.80159005,14.2105073972,Driving
459,59.85876137,10.80159232,14.3875346847,Driving
460,59.85868466,10.80160765,13.4058353972,Driving
461,59.85861501,10.80159348,11.9091457535,Driving
462,59.85855699,10.80161146,11.0883799451,Driving
463,59.8584932,10.80160848,10.6860439451,Driving
464,59.85844438,10.80160442,8.83529819165,Walking
465,59.85839618,10.8016003,8.57780339722,Walking
466,59.85834734,10.80160346,8.9157656986,Walking
467,59.85829389,10.80157274,9.07669994514,Walking
468,59.85824326,10.80157086,8.77092449305,Walking
469,59.85817804,10.80152674,6.17988082187,Walking
470,59.85813262,10.80154768,4.20038767118,Walking
471,59.85807691,10.801603,5.64879742465,Walking
472,59.8581058,10.80155576,0.273588482878,Stationary
473,59.85819089,10.80146852,3.91070602744,Walking
474,59.85815195,10.80148611,2.46229627396,Walking
475,59.85810219,10.80151367,5.03724690417,Walking
476,59.85806094,10.80154145,5.52005002744,Walking
477,59.85798386,10.80152376,8.57780339722,Walking
478,59.85790585,10.80149242,11.265408,Driving
479,59.85782947,10.80145608,13.196620493,Driving
480,59.85777796,10.80139024,13.0678730958,Driving
481,59.85768999,10.80138284,13.5023967125,Driving
482,59.85762311,10.80134642,13.1483406028,Driving
483,59.85751578,10.80132595,15.9325049861,Driving
484,59.85740425,10.80133406,16.4474961097,Driving
485,59.85726479,10.80139139,15.6428241097,Driving
486,59.85719872,10.80135741,15.0634592875,Driving
487,59.85713063,10.80131583,14.1944135889,Driving
488,59.85704492,10.80124278,14.3231609861,Driving
489,59.85698281,10.80127157,12.8425651507,Driving
490,59.85691116,10.80128781,12.2471080549,Driving
491,59.85685541,10.80131809,9.62387715069,Walking
492,59.85681493,10.80132446,7.78922520557,Walking
493,59.85676012,10.80134193,4.40960257535,Walking
494,59.85671744,10.80134786,5.74535797256,Walking
495,59.85666472,10.80136898,6.21206767118,Walking
496,59.8566272,10.80138474,6.839712,Walking
497,59.8565878,10.80139552,7.00064624652,Walking
498,59.85654215,10.80141364,8.72264460278,Walking
499,59.85648844,10.80142565,9.26982180835,Walking
500,59.8564168,10.80143906,10.9113526577,Driving
501,59.85637119,10.80145161,10.0744938083,Driving
502,59.8563215,10.80146781,8.40077534234,Walking
503,59.85628641,10.80149092,6.32472202744,Walking
504,59.85624956,10.80147633,5.11771402744,Walking
505,59.85618156,10.80148171,6.17988082187,Walking
506,59.8561307,10.80154898,7.90187879443,Walking
507,59.8560217,10.80160704,11.4424360549,Driving
508,59.85596623,10.80163249,11.1527536437,Driving
509,59.85591167,10.80167973,10.6538570958,Driving
510,59.85585519,10.8016922,9.36638235626,Walking
511,59.85578816,10.80175152,8.93185950695,Walking
512,59.85573884,10.80178734,8.72264460278,Walking
513,59.85570804,10.80183283,8.28812175348,Walking
514,59.85566917,10.80184205,5.11771402744,Walking
515,59.85559369,10.80184541,6.11550712327,Walking
516,59.85554186,10.80190595,5.68098427396,Walking
517,59.85607326,10.8015841,9.07669994514,Walking
518,59.8555079,10.80193277,4.20038767118,Walking
519,59.85547076,10.80197436,4.74756487673,Walking
520,59.85541063,10.80198814,6.06722684931,Walking
521,59.85534697,10.80203464,6.93627254791,Walking
522,59.85530407,10.80203983,7.40298224652,Walking
523,59.85524641,10.80206079,8.59389720557,Walking
524,59.85518506,10.80207806,9.47903594514,Walking
525,59.85508239,10.80210827,11.8125852056,Driving
526,59.85498243,10.80208751,12.2149212056,Driving
527,59.8548976,10.80216404,12.5850703563,Driving
528,59.85483471,10.80221148,11.8608650958,Driving
529,59.85475471,10.80225567,11.8125852056,Driving
530,59.85466089,10.80229026,11.7803983563,Driving
531,59.85460826,10.80232118,11.2815018083,Driving
532,59.85456133,10.80231049,11.0561930958,Driving
533,59.85450265,10.80228081,10.541203507,Driving
534,59.85445183,10.80227345,9.67215780835,Walking
535,59.8543934,10.80226509,8.54561654791,Walking
536,59.85434861,10.80225803,8.01453315069,Walking
537,59.85429036,10.80222723,5.79363824652,Walking
538,59.85424574,10.80218854,7.12939364374,Walking
539,59.85419819,10.80215475,9.28591484931,Walking
540,59.85413517,10.80208967,10.6216702465,Driving
541,59.85406833,10.80200718,12.391948493,Driving
542,59.85399337,10.80196356,12.6172572056,Driving
543,59.85392536,10.80192433,12.2149212056,Driving
544,59.85386727,10.80184957,12.7620976437,Driving
545,59.8538093,10.80177497,13.3897415889,Driving
546,59.85375216,10.80169856,12.2632010958,Driving
547,59.85369173,10.80161927,12.6011633972,Driving
548,59.85363399,10.80156537,12.8908458083,Driving
549,59.85359182,10.80149028,11.5389966028,Driving
550,59.85354238,10.80141781,10.2837079451,Driving
551,59.8534994,10.80135488,9.62387715069,Walking
552,59.8534442,10.80131471,9.10888679443,Walking
553,59.8534131,10.80126698,7.53172964374,Walking
554,59.85337785,10.80123163,6.34081545209,Walking
555,59.85332006,10.80119036,3.71758454791,Walking
556,59.85324451,10.80109207,9.656064,Walking
557,59.85317617,10.80100972,11.5068097535,Driving
558,59.85310151,10.80092618,12.0861738083,Driving
559,59.85302664,10.80085021,13.6633301917,Driving
560,59.85297236,10.80077713,12.1827343563,Driving
561,59.85292429,10.80067629,12.0217993423,Driving
562,59.85291721,10.80050062,13.2288081097,Driving
563,59.85291368,10.80038206,13.1161529861,Driving
564,59.85291115,10.80020073,13.8886389042,Driving
565,59.85291036,10.80004057,14.1783213153,Driving
566,59.8529383,10.79988566,14.4197223014,Driving
567,59.85294549,10.7997277,14.3714424111,Driving
568,59.85298195,10.79955816,15.2565803833,Driving
569,59.85300679,10.79939073,15.7393838903,Driving
570,59.85303234,10.79921221,15.691104,Driving
571,59.85307276,10.79904784,14.564563507,Driving
572,59.85307332,10.79889526,13.1161529861,Driving
573,59.85307231,10.79876148,12.8586581917,Driving
574,59.85307355,10.79861362,13.0195932056,Driving
575,59.85306501,10.79845525,13.196620493,Driving
576,59.85303805,10.79830499,12.9069396167,Driving
577,59.85301467,10.79817029,12.8425651507,Driving
578,59.85296308,10.79803306,13.3897415889,Driving
579,59.85291285,10.79794939,12.2632010958,Driving
580,59.85284394,10.79785517,13.6472363833,Driving
581,59.85277184,10.79776034,13.6633301917,Driving
582,59.8526987,10.79771033,13.6311441097,Driving
583,59.85261096,10.79765324,14.3070687125,Driving
584,59.85253015,10.79762669,15.4014215889,Driving
585,59.85244563,10.79758648,16.0612523833,Driving
586,59.8523526,10.79758012,15.369235507,Driving
587,59.85225457,10.79757407,17.3970093153,Driving
588,59.85215372,10.79759298,17.5901304112,Driving
589,59.8520661,10.79758636,17.2682603832,Driving
590,59.85194088,10.79766966,18.909792,Driving
591,59.85183876,10.79782625,18.346520986,Driving
592,59.85176154,10.7979024,17.2360743013,Driving
593,59.85168524,10.79800765,16.7049909041,Driving
594,59.85159716,10.79808849,16.8176444931,Driving
595,59.85153531,10.79820039,14.8220583014,Driving
596,59.85149636,10.79829174,13.3253678903,Driving
597,59.8514264,10.79845529,15.5784504111,Driving
598,59.85138871,10.7985854,14.9186196167,Driving
599,59.8513573,10.79866868,15.5301689861,Driving
600,59.85135108,10.79882247,13.6472363833,Driving
601,59.85131801,10.79900095,13.7920775889,Driving
602,59.85126973,10.79923094,14.6289372056,Driving
603,59.85124725,10.79943027,15.1922066847,Driving
604,59.85121398,10.79950378,12.7460046028,Driving
605,59.85119756,10.79956789,10.9757263563,Driving
606,59.85116547,10.79949759,6.9040856986,Walking
607,59.85125094,10.79938205,1.207008,Stationary
608,59.85126656,10.79930871,0.305775356163,Stationary
609,59.85133482,10.79923866,1.43231613698,Stationary
610,59.85132506,10.79931118,1.19091457535,Stationary
611,59.85131131,10.79942638,6.64659090417,Walking
612,59.85131471,10.79951819,10.1549605479,Driving
613,59.85131379,10.79964943,11.6999308493,Driving
614,59.8512719,10.79975951,12.472416,Driving
615,59.85124003,10.79985914,11.8930519451,Driving
616,59.85119276,10.80000439,14.5323758903,Driving
617,59.85113737,10.80012641,15.1117407125,Driving
618,59.85106035,10.80026395,15.6750101917,Driving
619,59.8509769,10.80042832,17.1877944112,Driving
620,59.85088605,10.80054221,18.507456,Driving
621,59.85079659,10.80069939,18.3948024112,Driving
622,59.85069974,10.80083598,18.5718296987,Driving
623,59.85061394,10.80096341,18.8615121097,Driving
624,59.85053334,10.80110734,19.1994744112,Driving
625,59.85044727,10.80124018,19.2316604931,Driving
626,59.85035431,10.80134591,19.6339964931,Driving
627,59.85028122,10.80148153,18.3304287125,Driving
628,59.85018551,10.80159026,17.7510638903,Driving
629,59.85008998,10.80173154,17.3326356168,Driving
630,59.85004256,10.80187976,15.5784504111,Driving
631,59.84995472,10.80199898,15.2243943014,Driving
632,59.84987248,10.80209709,15.3531416986,Driving
633,59.84980474,10.8021715,14.8703381917,Driving
634,59.84973743,10.80228709,15.1922066847,Driving
635,59.84967892,10.80235986,8.1110936986,Walking
636,59.84964384,10.80233536,6.42128257535,Walking
637,59.84960437,10.80234138,5.5683303014,Walking
638,59.84956727,10.80232034,4.81193857535,Walking
639,59.84949139,10.80240626,7.33860854791,Walking
640,59.84944308,10.80246119,8.40077534234,Walking
641,59.84941001,10.80250969,8.12718750695,Walking
642,59.84938351,10.8026182,9.44684909583,Walking
643,59.84937843,10.80269463,9.35028854791,Walking
644,59.84939265,10.80286206,11.0079132056,Driving
645,59.84938236,10.80296516,9.78481139722,Walking
646,59.84933709,10.80309555,9.12498060278,Walking
647,59.84935332,10.80317431,6.55003035626,Walking
648,59.84933432,10.80324425,1.38403586302,Stationary
649,59.84930506,10.80340015,8.89967265766,Walking
650,59.84928336,10.80356091,12.1988273972,Driving
651,59.84927158,10.80369188,11.8608650958,Driving
652,59.84927095,10.80380815,11.0883799451,Driving
653,59.84923537,10.80393982,10.782604493,Driving
654,59.84915662,10.80405524,11.8769589042,Driving
655,59.84909313,10.80414512,12.0378931507,Driving
656,59.84903773,10.80424353,12.3597616437,Driving
657,59.84900585,10.80428328,6.64659090417,Walking
658,59.84894913,10.8043141,6.82361819165,Walking
659,59.84889162,10.80430363,4.44178942465,Walking
660,59.84881706,10.80426666,5.58442372604,Walking
661,59.84876037,10.80414824,7.5800103014,Walking
662,59.84871057,10.80406948,9.38247539722,Walking
663,59.84866151,10.80400184,10.0744938083,Driving
664,59.84858927,10.80390072,13.6472363833,Driving
665,59.84850603,10.80378244,15.369235507,Driving
666,59.84842074,10.80373164,16.3992146847,Driving
667,59.84832155,10.8036614,16.9624856987,Driving
668,59.84821193,10.80367571,18.0407463013,Driving
669,59.84810182,10.80368531,18.668391014,Driving
670,59.84798398,10.80368874,19.4247815888,Driving
671,59.84783873,10.80367708,21.484743014,Driving
672,59.84770354,10.80369367,22.0641063013,Driving
673,59.84767216,10.80374608,17.4131015888,Driving
674,59.8475401,10.80375079,18.9258858084,Driving
675,59.84747634,10.80380141,16.7854584112,Driving
676,59.84737686,10.80379292,16.8820181916,Driving
677,59.8472265,10.80376567,14.4197223014,Driving
678,59.84713824,10.80366597,14.1783213153,Driving
679,59.84717615,10.80369586,7.32251550695,Walking
680,59.84712203,10.80368412,7.49954279443,Walking
681,59.84707884,10.8036136,5.45567632882,Walking
682,59.84704675,10.80357627,4.11992054791,Walking
683,59.84701397,10.8034912,5.92238602744,Walking
684,59.84693926,10.80343831,6.61440405486,Train
685,59.84688044,10.80337439,8.14328054791,Train
686,59.84682835,10.80342461,9.30200865766,Train
687,59.84673489,10.80344065,9.70434465766,Train
688,59.84667452,10.80343474,9.75262454791,Train
689,59.8465909,10.80341583,11.5229027944,Train
690,59.84650392,10.80343813,11.9735194521,Train
691,59.84643854,10.80346459,11.7803983563,Driving
692,59.84636954,10.80345613,11.2815018083,Driving
693,59.84630205,10.80342701,11.3136886577,Driving
694,59.84625367,10.80338154,10.5572965479,Train
695,59.8462204,10.80334182,9.63997019165,Train
696,59.84619341,10.80329235,7.96625249305,Train
697,59.84614501,10.80326212,8.17546739722,Train
698,59.84606954,10.80323181,6.58221720557,Train
699,59.84599927,10.80323896,3.2830616986,Train
700,59.84604869,10.80320277,0.514990068488,Train
701,59.84601639,10.8032597,0.0,Train
702,59.84596344,10.80325234,6.34081545209,Train
703,59.84592352,10.80324729,8.32030860278,Train
704,59.84587311,10.80323937,9.01232624652,Train
705,59.8458035,10.80320759,10.2032412056,Train
706,59.84572323,10.80316799,10.380268493,Train
707,59.84566366,10.80313807,10.380268493,Train
708,59.84561123,10.80311206,10.1710543563,Train
709,59.84555739,10.80306546,7.59610334234,Train
710,59.84543357,10.80303237,11.3941553972,Driving
711,59.84539722,10.80298802,10.3641754521,Train
712,59.84530745,10.80292207,11.4424360549,Train
713,59.84521387,10.80287787,10.5572965479,Train
714,59.84523163,10.80296923,4.92459254791,Walking
715,59.84519121,10.80298716,4.00726657535,Walking
716,59.84513746,10.80301774,3.81414509583,Walking
717,59.84506255,10.80303343,8.54561654791,Walking
718,59.84499158,10.80300364,10.5251096986,Driving
719,59.84491654,10.80300816,11.0240062465,Driving
720,59.84483903,10.80295395,11.5068097535,Driving
721,59.84477632,10.80291425,11.4263422465,Driving
722,59.84472795,10.80284721,10.8791658083,Driving
723,59.8446933,10.80280957,8.93185950695,Walking
724,59.84464763,10.80277998,7.75703835626,Walking
725,59.84459888,10.80272529,7.93406564374,Walking
726,59.84456057,10.80269156,8.14328054791,Walking
727,59.84450347,10.8026787,8.80311134234,Walking
728,59.84444103,10.80268088,9.55950345209,Walking
729,59.84438544,10.80263346,10.1549605479,Driving
730,59.84433116,10.80258891,10.1871473972,Driving
731,59.84429271,10.80252946,11.4424360549,Driving
732,59.84423327,10.8025016,11.2975948493,Driving
733,59.84415995,10.80244388,12.7460046028,Driving
734,59.84410209,10.80238665,12.8425651507,Driving
735,59.84404055,10.80232064,12.9069396167,Driving
736,59.84398481,10.80221258,13.6633301917,Driving
737,59.8438861,10.80217153,14.6450310139,Driving
738,59.84374449,10.80214488,17.0751392875,Driving
739,59.84363894,10.80211621,17.8315313972,Driving
740,59.84361664,10.80200425,15.5140767125,Driving
741,59.84349367,10.80196235,17.4935690959,Driving
742,59.84337132,10.80190538,18.9741656987,Driving
743,59.84329933,10.80176931,16.1900013153,Driving
744,59.84317079,10.80170284,16.4474961097,Driving
745,59.84310821,10.80156796,16.8498321097,Driving
746,59.84304591,10.8014149,17.2038866847,Driving
747,59.84301609,10.80125025,16.3509347944,Driving
748,59.84292032,10.80107053,18.7810446028,Driving
749,59.84289694,10.80079595,19.6018104112,Driving
750,59.84284164,10.80061331,18.8615121097,Driving
751,59.84281848,10.80040457,19.6339964931,Driving
752,59.8428051,10.80020636,20.2616412056,Driving
753,59.84277012,10.79996605,21.0663132056,Train
754,59.84275582,10.79973718,21.0019395069,Train
755,59.84271967,10.79953079,20.8892843832,Train
756,59.84270398,10.79930836,21.082407014,Train
757,59.84268809,10.7990693,21.082407014,Train
758,59.8426481,10.79885767,20.3742947944,Train
759,59.84262415,10.79863803,20.4869483832,Driving
760,59.84259825,10.79840068,21.2916203832,Driving
761,59.84257326,10.79817079,21.565208986,Driving
762,59.8425686,10.79791568,22.4986283832,Driving
763,59.8425283,10.79768146,22.6273773153,Driving
764,59.84251253,10.79746776,22.0962923832,Driving
765,59.84248794,10.7972312,21.8548913972,Driving
766,59.8424806,10.7969861,22.12848,Driving
767,59.84250647,10.79675394,21.3399018084,Driving
768,59.84245427,10.79664086,16.3026549041,Driving
769,59.84246761,10.79649994,12.9391256986,Driving
770,59.84244272,10.79641979,10.138867507,Driving
771,59.84242107,10.79633579,8.54561654791,Walking
772,59.84237407,10.79628119,7.16158049305,Walking
773,59.84236272,10.79621218,6.35690887673,Walking
774,59.84231779,10.79615131,6.0994136986,Walking
775,59.84229673,10.79605197,5.45567632882,Walking
776,59.8422338,10.79605809,8.99623320557,Walking
777,59.84217484,10.79608001,9.80090520557,Walking
778,59.84209995,10.79614895,11.8125852056,Driving
779,59.84201172,10.79622648,12.9391256986,Driving
780,59.84193856,10.79628897,13.8403590139,Driving
781,59.84186009,10.7963384,15.0151793972,Driving
782,59.84177296,10.79641787,15.4818890958,Driving
783,59.84168853,10.79649605,16.8498321097,Driving
784,59.8415985,10.79656658,17.139512986,Driving
785,59.84151194,10.79664386,16.898112,Driving
786,59.84143356,10.79669525,16.6406172056,Driving
787,59.84138,10.79673115,15.9325049861,Driving
788,59.84127138,10.79676394,17.0107655888,Driving
789,59.84119503,10.79679616,15.7232916167,Driving
790,59.84110516,10.79682767,15.5623566028,Driving
791,59.84102616,10.7968766,15.4979829042,Driving
792,59.84097543,10.79682749,11.8608650958,Driving
793,59.84092791,10.79683783,10.3963623014,Driving
794,59.84088491,10.79679187,9.47903594514,Walking
795,59.84084955,10.79675731,8.07890684931,Walking
796,59.8407977,10.79674751,8.09500065766,Walking
797,59.84073802,10.79670646,9.54340964374,Walking
798,59.84068804,10.79656281,11.3619685479,Driving
799,59.84067321,10.79646675,10.3963623014,Driving
800,59.84064498,10.79631686,11.4907159451,Driving
801,59.84064242,10.79622293,11.184940493,Driving
802,59.84063793,10.79610653,10.943539507,Driving
803,59.84061563,10.79596845,11.0401000549,Driving
804,59.84062143,10.79585846,10.9596325479,Driving
805,59.84058447,10.79572756,11.7321176986,Driving
806,59.84054996,10.7955999,11.4746229042,Driving
807,59.84052793,10.7954775,11.2010343014,Driving
808,59.84049468,10.79536784,11.4102492056,Driving
809,59.84046741,10.79523256,11.5711834521,Driving
810,59.84039871,10.79513131,12.2310142465,Driving
811,59.84035793,10.79502054,11.8125852056,Driving
812,59.84032929,10.79494917,11.265408,Driving
813,59.84031707,10.79484808,11.0079132056,Driving
814,59.84028553,10.79475646,10.7021377535,Driving
815,59.84025609,10.79466343,9.5916903014,Walking
816,59.8402247,10.79453888,10.1066806577,Driving
817,59.84021587,10.79443918,10.5572965479,Driving
818,59.84018456,10.79436577,9.70434465766,Walking
819,59.84018607,10.79427064,8.80311134234,Walking
820,59.84020128,10.79414043,8.88357884931,Walking
821,59.84022766,10.79405635,8.80311134234,Walking
822,59.84030285,10.79401622,10.7986983014,Driving
823,59.84035314,10.79398744,10.0584,Driving
824,59.84041352,10.79393945,9.97793249305,Walking
825,59.84048329,10.79392532,11.1366606028,Driving
826,59.84054616,10.79393008,11.2332211507,Driving
827,59.84061294,10.79392648,12.2149212056,Driving
828,59.84068529,10.79395319,12.4080423014,Driving
829,59.84077948,10.79395653,12.7781914521,Driving
830,59.84084504,10.79396454,12.4241353423,Driving
831,59.84091546,10.79396657,11.9091457535,Driving
832,59.84096629,10.79396953,12.4241353423,Driving
833,59.8410452,10.79397949,11.4907159451,Driving
834,59.84111894,10.79395777,11.587276493,Driving
835,59.84121367,10.79395907,12.1022668493,Driving
836,59.84127367,10.79397628,11.0240062465,Driving
837,59.84131418,10.79397564,8.449056,Walking
838,59.84137089,10.79397535,8.22374805486,Walking
839,59.84141732,10.79398903,8.12718750695,Walking
840,59.84145109,10.79401918,7.33860854791,Walking
841,59.84147467,10.79395184,6.34081545209,Walking
842,59.8415112,10.79390979,6.40518915069,Walking
843,59.8415226,10.79383966,4.00726657535,Walking
844,59.84149282,10.79373704,4.63491090417,Walking
845,59.84145651,10.7936661,4.828032,Walking
846,59.84141503,10.79368466,4.50616312327,Walking
847,59.84135451,10.79370256,5.42348909583,Walking
848,59.84131303,10.79373076,4.65100432882,Walking
849,59.84124524,10.79372089,3.52446345209,Walking
850,59.8411955,10.79368443,4.8924056986,Walking
851,59.8412649,10.79369602,0.579363863022,Stationary
852,59.84133487,10.7936862,2.46229627396,Walking
853,59.84137789,10.79362216,3.57274372604,Walking
854,59.84142295,10.79369796,3.99117315069,Walking
855,59.84147864,10.79380102,5.632704,Walking
856,59.84153301,10.79389204,5.71317112327,Walking
857,59.8414969,10.79384884,3.41180909583,Walking
858,59.84139383,10.79380115,1.83465213697,Walking
859,59.84134486,10.79382597,4.86021884931,Walking
860,59.84130353,10.79386792,5.32692854791,Walking
861,59.84125523,10.79388527,5.2947416986,Walking
862,59.84121043,10.79387026,5.76145139722,Walking
863,59.84114394,10.79382106,7.06501994514,Walking
864,59.84108708,10.79383711,7.53172964374,Walking
865,59.84102694,10.79382442,8.9157656986,Walking
866,59.84095772,10.79381681,10.541203507,Driving
867,59.84088942,10.7938192,10.6377640549,Driving
868,59.84082125,10.79381812,11.8125852056,Driving
869,59.84073168,10.79377998,13.357555507,Driving
870,59.84063533,10.79383338,14.403628493,Driving
871,59.84057099,10.79386302,13.6311441097,Driving
872,59.84050243,10.79388275,9.41466224652,Walking
873,59.84042549,10.79394129,9.39856920557,Walking
874,59.84038262,10.79401805,9.20544734234,Walking
875,59.8403237,10.79406785,9.57559649305,Walking
876,59.84026173,10.7941357,9.49512975348,Walking
877,59.84024802,10.79426396,9.253728,Walking
878,59.84025063,10.79441566,9.3181016986,Walking
879,59.84027578,10.7944922,8.94795254791,Walking
880,59.84027954,10.79460083,9.06060690417,Walking
881,59.84031396,10.79470671,8.7870183014,Walking
882,59.84033767,10.79480187,8.12718750695,Walking
883,59.84035636,10.79488297,7.91797260278,Walking
884,59.84038103,10.7949631,8.15937435626,Walking
885,59.84043837,10.79503044,9.51122279443,Walking
886,59.84047736,10.79510638,9.39856920557,Walking
887,59.84053807,10.79519673,10.1871473972,Driving
888,59.84057473,10.79531356,10.5251096986,Driving
889,59.84060771,10.79545024,11.667744,Driving
890,59.84064326,10.79557367,11.7964913972,Driving
891,59.84068439,10.7958346,11.5229027944,Driving
892,59.84068927,10.79596524,12.4563221917,Driving
893,59.84069243,10.79610416,12.4402291507,Driving
894,59.84068086,10.79622292,10.8469781917,Driving
895,59.84067787,10.79632356,9.63997019165,Walking
896,59.84070073,10.79638388,7.7087576986,Walking
897,59.84068927,10.79648142,4.97287282187,Walking
898,59.84067551,10.79656311,6.58221720557,Walking
899,59.84060766,10.7966672,8.9157656986,Walking
900,59.84058198,10.79671938,7.7087576986,Walking
901,59.84065665,10.79570246,12.0057063014,Driving
902,59.84066303,10.79658761,0.337962229448,Stationary
903,59.84060375,10.79672812,5.52005002744,Walking
904,59.84060629,10.79680395,5.71317112327,Walking
905,59.84051991,10.79684614,9.22154115069,Walking
906,59.84045056,10.79690162,11.0401000549,Driving
907,59.84039922,10.79694856,11.1205667944,Driving
908,59.84031611,10.79692457,13.6633301917,Driving
909,59.8402296,10.79693093,15.0473670139,Driving
910,59.84014096,10.79689914,16.7854584112,Driving
911,59.84005862,10.79691533,17.2682603832,Driving
912,59.83996407,10.79694102,19.070727014,Train
913,59.83985441,10.79694353,19.3604078903,Train
914,59.83972469,10.79696155,20.1168,Train
915,59.83959063,10.79696344,21.2111544112,Train
916,59.83946782,10.79695022,21.1789667944,Train
917,59.83938262,10.79695523,21.6456764931,Train
918,59.83925156,10.79696508,21.4364615888,Train
919,59.83912128,10.79699173,22.0641063013,Train
920,59.83899833,10.79700468,22.0641063013,Train
921,59.83887051,10.79699144,21.9514527125,Train
922,59.83874555,10.79699987,22.0158264112,Train
923,59.83862326,10.79699921,22.0480124931,Train
924,59.83849648,10.79704411,21.9836387944,Train
925,59.83838579,10.79702731,21.0984992875,Train
926,59.83826653,10.79699121,19.9236789041,Train
927,59.83816391,10.79697355,19.4408753972,Train
928,59.83808105,10.79698416,18.4269884931,Train
929,59.83788594,10.79700058,14.9508056986,Train
930,59.83782845,10.79698777,12.2149212056,Driving
931,59.83776257,10.79700913,9.22154115069,Train
932,59.83770466,10.79702842,4.28085517813,Train
933,59.83796754,10.79700051,17.4774752875,Train
934,59.8376524,10.79701124,3.04166013697,Walking
935,59.83761404,10.79700906,3.04166013697,Walking
936,59.83756623,10.79701342,5.32692854791,Walking
937,59.83752081,10.79700522,6.35690887673,Walking
938,59.83746499,10.79701093,8.7870183014,Walking
939,59.83741156,10.79699632,10.1549605479,Driving
940,59.83737538,10.79697951,11.3780623563,Driving
941,59.8373072,10.79697583,12.8586581917,Driving
942,59.83722032,10.796965,13.6472363833,Driving
943,59.8371385,10.79694245,13.5023967125,Driving
944,59.83706294,10.79693713,12.9713133153,Driving
945,59.83699428,10.79691892,13.4380230139,Driving
946,59.83692919,10.79689445,13.1322467944,Driving
947,59.83687302,10.7969116,11.9735194521,Driving
948,59.83682033,10.79689528,9.23763419165,Walking
949,59.83676679,10.7968685,9.47903594514,Walking
950,59.8367186,10.79687147,7.96625249305,Walking
951,59.83666348,10.79679168,4.79584515069,Walking
952,59.8366395,10.79673059,5.11771402744,Walking
953,59.83662493,10.79661529,6.00285315069,Walking
954,59.83657835,10.79650709,6.59831024652,Walking
955,59.83652114,10.79642852,9.01232624652,Walking
956,59.83647068,10.79633619,9.10888679443,Walking
957,59.83641806,10.79625829,9.63997019165,Walking
958,59.83636447,10.79620865,9.67215780835,Walking
959,59.83629615,10.7961873,10.460736,Driving
960,59.83621855,10.7961916,10.0423061917,Driving
961,59.83615588,10.79619701,12.1022668493,Driving
962,59.83606467,10.79617449,13.9208249861,Driving
963,59.83598056,10.79619495,14.564563507,Driving
964,59.83589619,10.79617788,15.0473670139,Driving
965,59.83581716,10.79615527,15.4818890958,Driving
966,59.83572957,10.7961337,15.2726741917,Driving
967,59.83565282,10.79611587,14.886432,Driving
968,59.83556985,10.7961237,14.5323758903,Driving
969,59.83551603,10.79610445,12.5689765479,Driving
970,59.83544384,10.79609481,12.6494440549,Driving
971,59.83537132,10.79608921,12.4885098083,Driving
972,59.83529842,10.79608726,11.0883799451,Driving
973,59.83523169,10.79609184,10.0584,Driving
974,59.83517691,10.79606656,10.1066806577,Driving
975,59.8351213,10.79599776,10.2515210958,Driving
976,59.83508445,10.7960744,5.9706663014,Walking
977,59.83503246,10.79610492,7.04892690417,Walking
978,59.83501095,10.79616205,7.04892690417,Walking
979,59.83496791,10.79624212,8.01453315069,Walking
980,59.83498122,10.79632047,7.40298224652,Walking
981,59.83494944,10.79641914,8.09500065766,Walking
982,59.83494173,10.79652927,8.36858849305,Walking
983,59.83493885,10.79665493,5.74535797256,Walking
984,59.83492181,10.79673643,0.0,Train
985,59.83490639,10.79666101,1.85074556163,Walking
986,59.83490491,10.79657312,1.80246528768,Walking
987,59.83491607,10.79650219,1.80246528768,Walking
988,59.83492128,10.79642867,2.01168,Walking
989,59.83492425,10.79634033,1.38403586302,Stationary
990,59.8349213,10.79626548,1.88293241093,Walking
991,59.83491249,10.79619317,2.46229627396,Walking
992,59.83492404,10.79611566,2.25308156163,Walking
993,59.83493435,10.79604321,1.5771571507,Walking
994,59.83493476,10.79596446,1.73809158907,Walking
995,59.83494745,10.79588901,2.10824054791,Walking
996,59.83494394,10.79580595,2.14042758907,Walking
997,59.83493873,10.7957078,1.52887678082,Walking
998,59.83492615,10.79562773,1.36794243837,Stationary
999,59.83493004,10.79554844,1.81855871232,Walking
1000,59.83497477,10.79558122,2.02777342465,Walking
1001,59.83497197,10.79566005,2.22089471232,Walking
1002,59.83495084,10.79572984,2.04386684931,Walking
1003,59.83495186,10.7958251,2.49448312327,Walking
1004,59.83494723,10.79591319,1.73809158907,Walking
1005,59.83494164,10.79598622,2.28526841093,Walking
1006,59.83493746,10.79605794,1.97949315069,Walking
1007,59.83493637,10.7961531,2.30136183559,Walking
1008,59.8349241,10.79622565,1.96339972604,Walking
1009,59.83490889,10.79631156,2.0760536986,Walking
1010,59.83490278,10.79638773,2.04386684931,Walking
1011,59.83489089,10.79645511,1.70590454791,Walking
1012,59.83488664,10.79652958,1.99558657535,Walking
1013,59.83487453,10.79661759,1.59325057535,Walking
1014,59.83486941,10.79669039,2.20480128768,Train
1015,59.83486248,10.79677776,1.609344,Train
1016,59.83485482,10.79686518,1.89902583559,Train
1017,59.83486225,10.79696014,1.85074556163,Train
1018,59.83483554,10.79702194,1.86683898628,Train
1019,59.83478449,10.79702228,3.10603383559,Train
1020,59.83474864,10.79704892,0.852952273957,Train
1021,59.83471061,10.79706248,0.692017931512,Train
1022,59.83467279,10.79710481,0.0,Train
1023,59.83462941,10.79713148,1.91511945209,Train
1024,59.83458904,10.79711352,1.52887678082,Train
1025,59.83456722,10.79717178,0.0,Train
1026,59.83452462,10.79717316,1.51278335616,Train
1027,59.83447131,10.7971919,1.59325057535,Train
1028,59.83444263,10.79725111,0.0,Train
1029,59.83448242,10.797247,11.5229027944,Train
1030,59.83465238,10.79732082,13.1805266847,Train
1031,59.83483177,10.79735872,13.3736493153,Train
1032,59.83497631,10.79734599,13.6472363833,Train
1033,59.83514617,10.79727043,14.5162836167,Train
1034,59.83528112,10.79722965,14.8220583014,Train
1035,59.83540386,10.79723492,14.7737784111,Train
1036,59.8355193,10.79725906,14.886432,Train
1037,59.83561847,10.79727442,15.0312732056,Train
1038,59.83573848,10.79728685,15.9485987944,Train
1039,59.83584741,10.79732065,15.9003189042,Train
1040,59.83592018,10.79734207,15.1117407125,Train
1041,59.83602908,10.79738692,14.4680021917,Train
1042,59.8361379,10.79741484,14.9347118903,Train
1043,59.83625834,10.7974147,15.5945426847,Train
1044,59.83630567,10.79739914,15.3370478903,Train
1045,59.83644546,10.79744403,16.7532707944,Train
1046,59.83654307,10.79746549,18.0729323832,Train
1047,59.83665697,10.79750111,18.2821472875,Train
1048,59.83678643,10.79753107,19.8110253153,Train
1049,59.83689939,10.79749923,20.680071014,Train
1050,59.83704149,10.79746129,21.1306869041,Train
1051,59.83717991,10.79742394,21.8227053153,Train
1052,59.83734696,10.79738083,23.9309450959,Train
1053,59.83751512,10.79738726,24.9931118903,Train
1054,59.83769634,10.79745826,27.1496346306,Train
1055,59.83788799,10.79742072,28.8233507944,Train
1056,59.83805328,10.79733238,28.9038167666,Train
1057,59.83830831,10.79717322,32.8788984112,Train
1058,59.83841661,10.79721728,29.772864,Train
1059,59.83858045,10.79714907,30.0303587944,Train
1060,59.83876501,10.79712135,29.821145425,Train
1061,59.83892845,10.79715774,29.9177052056,Train
1062,59.83910143,10.79716191,29.8855175888,Train
1063,59.83928249,10.79716324,30.1108247666,Train
1064,59.83943587,10.79714316,29.3383403832,Train
1065,59.83962422,10.79712581,29.9820773694,Train
1066,59.83976578,10.79713098,29.7084887666,Train
1067,59.83993569,10.79713963,29.821145425,Train
1068,59.84007317,10.79714221,26.715111014,Train
1069,59.84022697,10.79715948,27.0208872334,Train
1070,59.84040773,10.79719617,29.5636506306,Train
1071,59.84056959,10.79718716,29.322246575,Train
1072,59.84072448,10.7972675,28.8877260278,Train
1073,59.84088835,10.79735231,29.7406763832,Train
1074,59.84102527,10.7974215,31.0925255888,Train
1075,59.84122958,10.79754302,31.2534606028,Train
1076,59.84140493,10.79764379,30.6580019722,Train
1077,59.84157445,10.79777841,31.0925255888,Train
1078,59.84173111,10.7979095,29.933799014,Train
1079,59.84187226,10.79807091,30.7062833972,Train
1080,59.84202002,10.79822692,30.9637781916,Train
1081,59.84216037,10.79847143,30.9476843832,Train
1082,59.84230508,10.79866,31.028153425,Train
1083,59.84246314,10.79887087,30.0947340278,Train
1084,59.8426136,10.79909476,30.529254575,Train
1085,59.84274983,10.79929764,30.5131607666,Train
1086,59.8428658,10.79951068,29.2900620278,Train
1087,59.84297873,10.79983578,30.3844133694,Train
1088,59.84308296,10.80008679,30.2556659722,Train
1089,59.84316705,10.80042612,30.818936986,Train
1090,59.84326507,10.80073285,30.5614421916,Train
1091,59.84347557,10.80111332,27.1657253694,Train
1092,59.84364718,10.80133543,26.0713740278,Train
1093,59.84374097,10.8015281,25.5563829041,Train
1094,59.84335182,10.80090862,27.922119014,Train
1095,59.84382333,10.80172176,23.335488,Train
1096,59.84392123,10.8018514,21.082407014,Train
1097,59.84402333,10.8019748,21.0502193972,Train
1098,59.84412053,10.8020535,20.519136,Train
1099,59.8442462,10.80211774,23.2067406028,Train
1100,59.84436131,10.80217274,20.7122570959,Train
1101,59.8444809,10.80221076,21.0180333153,Train
1102,59.84459556,10.80225379,18.8293244931,Train
1103,59.84473122,10.80226934,18.1373076168,Train
1104,59.84482209,10.80234983,18.2177735888,Train
1105,59.84491468,10.80236581,17.2521681097,Train
1106,59.8449995,10.80239697,16.1256276168,Train
1107,59.84516089,10.80249321,14.6128433972,Train
1108,59.84522552,10.80253973,13.6311441097,Train
1109,59.84529651,10.80261752,12.472416,Train
1110,59.84534928,10.80261823,10.782604493,Train
1111,59.84540608,10.80262678,10.6377640549,Train
1112,59.8450723,10.80245883,15.3853293153,Train
1113,59.84544768,10.80263585,8.01453315069,Train
1114,59.8454874,10.80264643,6.75924449305,Train
1115,59.84553324,10.80265626,4.86021884931,Train
1116,59.84551113,10.80272931,0.949512917793,Train
1117,59.84551846,10.80280779,0.981699863022,Train
1118,59.84554381,10.80287993,0.0,Train
1119,59.84559051,10.80288462,1.77027843837,Train
1120,59.84560862,10.80294651,1.65762427396,Train
1121,59.84565669,10.80293554,1.96339972604,Train
1122,59.84570361,10.80294805,1.80246528768,Train
1123,59.8457614,10.80292667,2.25308156163,Train
1124,59.84580477,10.80293902,1.89902583559,Train
1125,59.84584039,10.80298582,1.88293241093,Train
1126,59.84587996,10.80299901,1.99558657535,Train
1127,59.84592343,10.80301628,1.65762427396,Train
1128,59.84597381,10.80301109,1.80246528768,Train
1129,59.84601311,10.80304971,1.81855871232,Train
1130,59.84605908,10.80306404,2.17261443837,Train
1131,59.84609252,10.80311595,0.659831034245,Train
1132,59.8461299,10.80311338,2.15652101372,Train
1133,59.84617878,10.80310145,2.30136183559,Train
1134,59.84621572,10.80308306,2.05996027396,Train
1135,59.84624838,10.80311866,1.89902583559,Train
1136,59.84629859,10.80314362,2.20480128768,Train
1137,59.84634251,10.80312958,2.33354887673,Train
1138,59.84639642,10.80310183,2.67151098628,Train
1139,59.84644317,10.80310189,2.68760441093,Train
1140,59.84648316,10.80313587,2.10824054791,Train
1141,59.84652265,10.80313842,2.63932413697,Train
1142,59.84655727,10.80315783,2.59104386303,Train
1143,59.84659682,10.80316717,1.5771571507,Train
1144,59.84663373,10.80319361,2.44620284931,Train
1145,59.84668316,10.80320085,2.4783896986,Train
1146,59.84671945,10.80322009,2.38182915069,Train
1147,59.84676059,10.80323047,2.36573572604,Train
1148,59.84680104,10.80321533,2.31745545209,Train
1149,59.84684745,10.80319708,2.25308156163,Train
1150,59.8468832,10.80317378,1.46450308221,Train
1151,59.8469251,10.80320071,2.17261443837,Train
1152,59.84696818,10.80319834,2.67151098628,Train
1153,59.84700966,10.8031988,1.86683898628,Train
1154,59.84704621,10.80319263,2.15652101372,Train
1155,59.84708233,10.80318453,2.25308156163,Train
1156,59.84712193,10.80317045,2.28526841093,Train
1157,59.8471579,10.8031302,2.02777342465,Train
1158,59.84719719,10.80313011,2.4783896986,Train
1159,59.84724727,10.80313607,2.44620284931,Train
1160,59.84728806,10.80310197,2.39792257535,Train
1161,59.84727858,10.80299452,1.97949315069,Train
1162,59.8472643,10.80290925,3.49227660278,Train
1163,59.84723991,10.80281868,4.29694860278,Train
1164,59.84721369,10.80296025,1.88293241093,Train
1165,59.84713646,10.80287804,2.91291254791,Train
1166,59.84721952,10.80292563,1.46450308221,Train
1167,59.84716712,10.80289729,1.5771571507,Train
1168,59.84712901,10.80291326,1.04607356163,Train
1169,59.84708795,10.80292038,1.54497020547,Train
1170,59.84703503,10.8029087,2.28526841093,Train
1171,59.84699842,10.80291714,2.15652101372,Train
1172,59.84695909,10.80292046,2.43010942465,Train
1173,59.84691254,10.80293313,1.88293241093,Train
1174,59.84689607,10.80300051,2.43010942465,Train
1175,59.84686407,10.80304634,3.00947328768,Train
1176,59.84682554,10.8030443,1.70590454791,Train
1177,59.84677314,10.80307838,2.816352,Train
1178,59.84673593,10.80311129,2.51057654791,Train
1179,59.84668799,10.80311804,2.51057654791,Train
1180,59.8466507,10.80315266,2.89681912327,Train
1181,59.84661948,10.80309622,2.25308156163,Train
1182,59.84657181,10.8031156,2.33354887673,Train
1183,59.8465358,10.80310222,1.91511945209,Train
1184,59.84649389,10.80308742,1.70590454791,Train
1185,59.84644841,10.80306249,2.71979145209,Train
1186,59.8464142,10.8030387,2.51057654791,Train
1187,59.84639159,10.80298124,2.44620284931,Train
1188,59.84635548,10.80297102,1.81855871232,Train
1189,59.84631843,10.80295284,2.36573572604,Train
1190,59.84625899,10.80295446,1.6737176986,Train
1191,59.84621933,10.8029335,1.81855871232,Train
1192,59.84618167,10.80292731,1.78637186303,Train
1193,59.84614376,10.80291539,1.64153084931,Train
1194,59.84609824,10.80288097,2.36573572604,Train
1195,59.84605939,10.80288584,1.85074556163,Train
1196,59.84602377,10.80287519,0.836858849305,Train
1197,59.84598726,10.80284304,0.981699863022,Train
1198,59.84594798,10.80284629,2.01168,Train
1199,59.84590456,10.80294224,2.44620284931,Train
1200,59.84587444,10.8028862,2.63932413697,Train
1201,59.84591343,10.80286387,1.46450308221,Train
1202,59.84594405,10.80275273,3.00947328768,Train
1203,59.84595947,10.80268222,0.386242551367,Train
1204,59.845923,10.8026512,0.0,Train
1205,59.84593509,10.80272106,0.595457287673,Train
1206,59.84596426,10.80276734,0.0,Train
1207,59.84586556,10.8028108,7.53172964374,Train
1208,59.84581807,10.802789,7.75703835626,Train
1209,59.84576502,10.80277727,7.93406564374,Train
1210,59.84568965,10.80275976,9.67215780835,Train
1211,59.84563379,10.80274804,10.3158947944,Train
1212,59.84555273,10.80280645,9.88137194514,Train
1213,59.84549987,10.80280737,9.78481139722,Train
1214,59.84543901,10.80289433,10.1227736986,Train
1215,59.84537726,10.80289667,10.8308851507,Train
1216,59.84532217,10.80292017,10.6538570958,Train
1217,59.84517201,10.80295973,13.5506766028,Driving
1218,59.84509745,10.80298325,13.5345827944,Driving
1219,59.84502294,10.80300677,13.5345827944,Driving
1220,59.84489681,10.80270254,16.0451601097,Train
1221,59.84488277,10.80261772,13.8564512875,Train
1222,59.84469711,10.80245869,18.8776043832,Train
1223,59.84454928,10.80238213,19.1994744112,Train
1224,59.84432637,10.80202441,21.3399018084,Train
1225,59.84416221,10.80173975,23.6090766028,Train
1226,59.84401577,10.80163662,24.542496,Train
1227,59.84387863,10.80153397,24.2045336987,Train
1228,59.84374234,10.80137775,26.4093347944,Train
1229,59.84364168,10.80125472,25.8621575888,Train
1230,59.84351971,10.80110496,26.0230926028,Train
1231,59.84338233,10.80084421,27.5358768223,Train
1232,59.84326765,10.8006219,28.4692962196,Train
1233,59.84315666,10.80040007,28.968192,Train
1234,59.84304743,10.80017529,28.9520981916,Train
1235,59.8429381,10.79993875,28.9520981916,Train
1236,59.84203801,10.79814961,33.6996642196,Train
1237,59.84182527,10.79790377,34.6813619722,Train
1238,59.84165623,10.79771325,34.9388567666,Train
1239,59.84146873,10.79756328,35.6791566028,Train
1240,59.84129033,10.79739844,35.405568,Train
1241,59.84112979,10.79724638,34.9066722196,Train
1242,59.83895065,10.79698745,40.5554700278,Train
1243,59.83877649,10.79699273,37.771302575,Train
1244,59.83850197,10.79707609,38.0287973694,Train
1245,59.83830524,10.79709329,37.7391180278,Train
1246,59.83812697,10.79707998,36.3872688223,Train
1247,59.83791834,10.79712247,36.258521425,Train
1248,59.83771862,10.79715421,36.3067997804,Train
1249,59.83750391,10.7972213,36.9183522196,Train
1250,59.83730407,10.79724825,36.2263338084,Train
1251,59.83710968,10.79726263,35.807904,Train
1252,59.83695933,10.79728662,33.6513827944,Train
1253,59.83688925,10.79722491,30.6419112334,Train
1254,59.83673551,10.79727518,30.1430123832,Train
1255,59.8366276,10.79724249,28.5980436168,Train
1256,59.83648256,10.79723903,28.6624157804,Train
1257,59.83632299,10.7972395,28.4371086028,Train
1258,59.83624821,10.79725083,24.3171872875,Train
1259,59.83612312,10.79718224,21.4364615888,Train
1260,59.83602946,10.7971556,20.8570983013,Train
1261,59.83595113,10.79711516,20.5835096987,Train
1262,59.83582801,10.79709059,19.070727014,Train
1263,59.83575612,10.79706402,16.8659243832,Train
1264,59.83556786,10.7971112,18.1212138084,Train
1265,59.83550516,10.79706451,18.0246524931,Train
1266,59.83540795,10.7970534,17.8154375888,Train
1267,59.83532413,10.79703728,16.0451601097,Train
1268,59.8352412,10.79702204,15.2243943014,Train
1269,59.83517675,10.79697517,15.0312732056,Train
1270,59.83505431,10.79692027,17.5740366028,Train
1271,59.83495484,10.79687986,17.7832515069,Train
1272,59.83485701,10.79684354,17.7832515069,Train
1273,59.83477645,10.79683591,16.7049909041,Train
1274,59.83467274,10.79684176,17.0429532056,Train
1275,59.83462195,10.79689127,15.0956469042,Train
1276,59.83458764,10.79693491,12.4241353423,Train
1277,59.83452205,10.79695938,12.4563221917,Train
1278,59.83456006,10.79687003,7.27423484931,Train
1279,59.83454369,10.79676841,5.92238602744,Train
1280,59.83459988,10.79682298,5.10162060278,Train
1281,59.834547,10.79676868,5.02115309583,Train
1282,59.83449479,10.79677744,4.61881709583,Train
1283,59.83445566,10.79678969,0.482803219185,Train
1284,59.83449221,10.79668087,0.788578575348,Train
1285,59.8344511,10.7966751,1.02998013698,Train
1286,59.83441201,10.79666536,0.0,Train
1287,59.83438054,10.79661629,0.0,Train
1288,59.83434204,10.79662548,9.52731660278,Train
1289,59.83428117,10.79661452,10.863072,Train
1290,59.83420318,10.79662735,11.0722869042,Train
1291,59.83412433,10.79664798,9.91355879443,Train
1292,59.8340656,10.79668867,8.25593490417,Train
1293,59.83393255,10.79670439,13.2931818083,Train
1294,59.83380756,10.79670079,14.966899507,Train
1295,59.83368453,10.79668712,17.3970093153,Train
1296,59.83355566,10.79667873,18.7005770959,Train
1297,59.83347881,10.79668874,18.266055014,Train
1298,59.83333267,10.79674049,20.0685201097,Train
1299,59.83325305,10.79672921,18.9902595069,Train
1300,59.83314377,10.79674067,20.1489876168,Train
1301,59.83302836,10.79676934,22.0962923832,Train
1302,59.83289749,10.79678614,22.0802001097,Train
1303,59.83276128,10.79679427,22.3376949041,Train
1304,59.832583,10.79685002,25.6207566028,Train
1305,59.83242901,10.79687019,25.8621575888,Train
1306,59.83228914,10.79691285,26.200121425,Train
1307,59.83210083,10.79694845,27.8255592334,Train
1308,59.83194527,10.79701398,27.8255592334,Train
1309,59.83179098,10.79708586,28.5014807666,Train
1310,59.83166679,10.79707284,26.5702698084,Train
1311,59.83151827,10.7971331,26.5863636168,Train
1312,59.83131511,10.79717577,29.0325672334,Train
1313,59.83106846,10.79725507,32.5570283832,Train
1314,59.83085443,10.79731356,33.8766899722,Train
1315,59.83066008,10.79736773,34.1663723832,Train
1316,59.8304471,10.79736453,34.9388567666,Train
1317,59.83020958,10.79737626,36.564294575,Train
1318,59.83006455,10.79744118,34.5204300278,Train
1319,59.82987409,10.79755905,34.7940186306,Train
1320,59.82972285,10.79764994,33.7318487666,Train
1321,59.82953735,10.79768013,33.345606575,Train
1322,59.82932909,10.79774913,34.19856,Train
1323,59.82915743,10.7977409,33.4743539722,Train
1324,59.82888727,10.79783334,36.6447636168,Train
1325,59.82869926,10.79785966,36.4838286028,Train
1326,59.82847758,10.79787367,37.4011541916,Train
1327,59.82829172,10.79788345,36.8378831777,Train
1328,59.82806271,10.79790987,37.465529425,Train
1329,59.82784888,10.79792877,37.5299015888,Train
1330,59.82760259,10.7979247,39.831264,Train
1331,59.82737717,10.79782,38.9461260278,Train
1332,59.82714233,10.79780445,37.175847014,Train
1333,59.82694659,10.79781102,35.4216618084,Train
1334,59.82674428,10.79779255,33.7801301916,Train
1335,59.82656802,10.79778831,33.2007653694,Train
1336,59.82639779,10.7977713,32.1064140278,Train
1337,59.82621224,10.7977967,30.979872,Train
1338,59.82604093,10.79780021,30.3844133694,Train
1339,59.82589438,10.79783238,28.6785095888,Train
1340,59.82576924,10.79781823,24.5103083832,Train
1341,59.82562458,10.79781974,24.5103083832,Train
1342,59.82549549,10.7978845,23.7700116168,Train
1343,59.82536109,10.79789604,23.8343853153,Train
1344,59.82525051,10.79789967,22.9170581916,Train
1345,59.8251194,10.79791085,23.0297133153,Train
1346,59.82499119,10.79792082,23.0136195069,Train
1347,59.82486316,10.79793077,23.0136195069,Train
1348,59.82471145,10.7979232,24.0596924931,Train
1349,59.82460569,10.79799462,23.0297133153,Train
1350,59.82446794,10.79800808,23.6251704112,Train
1351,59.82425845,10.79787877,26.2644935888,Train
1352,59.82412041,10.79791578,26.4093347944,Train
1353,59.82398691,10.7979723,26.0713740278,Train
1354,59.824136,10.79794193,18.4752683832,Train
1355,59.8240686,10.79798958,16.0451601097,Train
1356,59.82399813,10.79800431,13.9691064111,Train
1357,59.82391244,10.7980736,12.1666405479,Train
1358,59.82385151,10.79804419,10.2193342465,Train
1359,59.82376413,10.79798303,11.0722869042,Train
1360,59.82369071,10.79794409,11.7964913972,Train
1361,59.82379185,10.79789707,8.94795254791,Train
1362,59.82375323,10.79787598,9.22154115069,Train
1363,59.82370041,10.79784619,8.20765424652,Train
1364,59.82363506,10.7978066,7.644384,Train
1365,59.82356202,10.79780509,7.61219715069,Train
1366,59.8235206,10.79773244,4.425696,Train
1367,59.82347796,10.79774211,3.76586482187,Train
1368,59.82344232,10.79775118,1.46450308221,Train
1369,59.8234786,10.79771987,2.57495043837,Train
1370,59.82351225,10.79769108,1.11044735616,Train
1371,59.82361464,10.79767417,1.83465213697,Train
1372,59.82365655,10.79765687,1.86683898628,Train
1373,59.82357118,10.79768633,0.0,Train
1374,59.82349405,10.7977112,0.0,Train
1375,59.82345168,10.79773352,5.42348909583,Train
1376,59.8233927,10.79774756,6.51784350695,Train
1377,59.82334086,10.79776316,7.53172964374,Train
1378,59.82328432,10.797747,8.32030860278,Train
1379,59.82324033,10.79774781,8.27202794514,Train
1380,59.82319848,10.79777535,8.19156120557,Train
1381,59.82309719,10.79775423,12.3275747944,Train
1382,59.82303477,10.79775448,12.1183606577,Train
1383,59.82297687,10.79775415,11.6033703014,Train
1384,59.82288856,10.79777741,13.5667704111,Train
1385,59.82280358,10.79776986,14.886432,Train
1386,59.82269767,10.79779272,16.2060935888,Train
1387,59.82258364,10.79778384,17.2682603832,Train
1388,59.82242085,10.79777558,18.4913621916,Train
1389,59.82228951,10.79777711,20.1168,Train
1390,59.82216912,10.79777094,20.2133613153,Train
1391,59.82206463,10.79775715,20.0363324931,Train
1392,59.8219389,10.79774077,20.7122570959,Train
1393,59.82185753,10.79775929,19.6661841097,Train
1394,59.82175935,10.79776429,20.2294535888,Train
1395,59.82158131,10.79774468,23.5447029041,Train
1396,59.82147802,10.79776949,24.6229635069,Train
1397,59.8213349,10.79776584,25.0896732056,Train
1398,59.82118979,10.79775377,26.1196523832,Train
1399,59.82104724,10.79776847,26.4576162196,Train
1400,59.82091429,10.79777235,26.3771471777,Train
1401,59.82073984,10.79775122,27.7289963832,Train
1402,59.82060866,10.79777462,26.5702698084,Train
1403,59.82041336,10.79774602,29.5797413694,Train
1404,59.82023044,10.79772726,30.2717597804,Train
1405,59.82005594,10.79772564,30.3522288223,Train
1406,59.81989154,10.79769929,30.4326947944,Train
1407,59.81967256,10.79765799,32.0742264112,Train
1408,59.81949286,10.79760154,31.2373667944,Train
1409,59.81931166,10.79754131,32.943270575,Train
1410,59.81913356,10.797466,33.3617003832,Train
1411,59.81894705,10.79738894,33.747942575,Train
1412,59.81873176,10.79729088,35.7274380278,Train
1413,59.81852541,10.79719377,35.6952504112,Train
1414,59.81833217,10.79706841,36.5964821916,Train
1415,59.81812704,10.79698143,36.6930419722,Train
1416,59.8179311,10.79687559,36.612576,Train
1417,59.81774122,10.79675901,36.1297740278,Train
1418,59.81750077,10.7967201,37.8839592334,Train
1419,59.81728525,10.79666344,38.8173786306,Train
1420,59.81705326,10.79663623,39.477209425,Train
1421,59.81682675,10.7966519,38.8334693694,Train
1422,59.81661131,10.79663356,38.6564436168,Train
1423,59.816421,10.79666142,36.2263338084,Train
1424,59.81620075,10.79685768,38.0770787944,Train
1425,59.81599811,10.79689747,37.9483313972,Train
1426,59.81581908,10.79710059,37.2241253694,Train
1427,59.81561719,10.79721801,38.3345735888,Train
1428,59.81543054,10.79733746,37.4011541916,Train
1429,59.81523065,10.79748493,37.4494356168,Train
1430,59.81501448,10.79762689,37.7552087666,Train
1431,59.81481401,10.79778048,37.8517716168,Train
1432,59.81466002,10.79791671,33.9249713972,Train
1433,59.81448578,10.79805063,33.2007653694,Train
1434,59.81432828,10.79819238,31.543143014,Train
1435,59.81416387,10.79833358,31.8489192334,Train
1436,59.81401082,10.79846629,29.821145425,Train
1437,59.81387578,10.79860749,28.6624157804,Train
1438,59.81373266,10.79874923,28.4853900278,Train
1439,59.81361057,10.79887332,25.6046627944,Train
1440,59.81349246,10.79896976,26.0874647666,Train
1441,59.81336943,10.79909286,24.5585898084,Train
1442,59.81323932,10.7991712,24.2528135888,Train
1443,59.81311672,10.79926528,23.1262730959,Train
1444,59.81299776,10.79935707,22.8204984112,Train
1445,59.81288096,10.79943775,23.6412626847,Train
1446,59.81274491,10.79950605,24.4781223013,Train
1447,59.81258921,10.7995944,24.6068696987,Train
1448,59.81244937,10.7996338,24.6390573153,Train
1449,59.81231879,10.79968784,24.3493749041,Train
1450,59.81217239,10.79976153,24.783896986,Train
1451,59.81205778,10.79981198,23.9148512875,Train
1452,59.811944,10.79989243,23.6573564931,Train
1453,59.81181963,10.79993623,23.1906467944,Train
1454,59.81169307,10.80000361,23.2389266847,Train
1455,59.8115971,10.80002785,21.8548913972,Train
1456,59.81167223,10.80001486,16.3509347944,Train
1457,59.81161804,10.80004789,18.7005770959,Train
1458,59.81146808,10.80008836,15.7554776986,Train
1459,59.81133992,10.80016428,15.369235507,Train
1460,59.81122835,10.80026411,15.6267303014,Train
1461,59.81115597,10.80032908,15.4336092056,Train
1462,59.81109786,10.80037895,15.5784504111,Train
1463,59.81104097,10.8004791,15.1117407125,Train
1464,59.81097098,10.80059546,14.5484696986,Train
1465,59.81092712,10.80069421,14.3553486028,Train
1466,59.81086977,10.80076845,12.8264713423,Train
1467,59.81080866,10.80082873,11.9735194521,Train
1468,59.81075082,10.80092024,11.4907159451,Train
1469,59.81070155,10.80099125,10.9757263563,Train
1470,59.81068273,10.80106366,10.3319886028,Train
1471,59.81065596,10.80113919,9.88137194514,Train
1472,59.81058189,10.80122855,11.0722869042,Train
1473,59.81052453,10.80127229,10.7504176437,Train
1474,59.81041023,10.80138944,13.7437976986,Train
1475,59.81037289,10.80146864,7.644384,Train
1476,59.81042312,10.8014263,0.482803219185,Train
1477,59.81043507,10.80133883,0.0,Train
1478,59.81040765,10.80128334,0.0,Train
1479,59.81035735,10.80142244,6.34081545209,Train
1480,59.81033125,10.80157281,7.88578575348,Train
1481,59.81028796,10.801743,9.5916903014,Train
1482,59.81026548,10.8019097,10.9113526577,Train
1483,59.81025705,10.80206461,11.2171273423,Train
1484,59.81027057,10.80213698,9.81699824652,Train
1485,59.81020511,10.80238593,13.6472363833,Train
1486,59.81007456,10.80247394,14.5323758903,Train
1487,59.81003621,10.80262587,14.2105073972,Train
1488,59.80994894,10.80280305,15.4657952875,Train
1489,59.80986978,10.80298647,16.1739075069,Train
1490,59.80980213,10.80305592,15.4657952875,Train
1491,59.80975618,10.8031556,15.5623566028,Train
1492,59.80969999,10.80327007,15.6267303014,Train
1493,59.80963758,10.80338835,17.0107655888,Train
1494,59.8095432,10.80356578,19.0385393972,Train
1495,59.80944745,10.80371524,19.8593052056,Train
1496,59.80931139,10.8039238,22.1123861916,Train
1497,59.80919841,10.80413392,22.9170581916,Train
1498,59.80907009,10.80429403,23.5607967125,Train
1499,59.80893962,10.80441313,24.8804583013,Train
1500,59.80880542,10.80452722,25.1218592875,Train
1501,59.80868619,10.80463239,25.0252995069,Train
1502,59.80851895,10.80477291,27.2783820278,Train
1503,59.80836653,10.80488596,27.6163427944,Train
1504,59.80819844,10.80499247,28.8716322196,Train
1505,59.80804296,10.80508035,28.3727333694,Train
1506,59.80758916,10.80523538,26.795576986,Train
1507,59.80744371,10.80525355,26.908230575,Train
1508,59.80727738,10.80531405,27.4232232334,Train
1509,59.80715216,10.80535335,26.795576986,Train
1510,59.80696071,10.80527619,27.8577437804,Train
1511,59.80681122,10.80527249,27.8899313972,Train
1512,59.80660492,10.80527153,30.9637781916,Train
1513,59.80646913,10.80523304,30.014264986,Train
1514,59.80635796,10.80515617,28.5336683832,Train
1515,59.80619295,10.80513131,28.3727333694,Train
1516,59.80597906,10.8051128,30.1591061916,Train
1517,59.8056502,10.80521322,35.1158855888,Train
1518,59.80545806,10.80519565,34.3112135888,Train
1519,59.80518432,10.8049006,35.2768206028,Train
1520,59.80495338,10.80475755,35.244632986,Train
1521,59.8047878,10.80460435,34.9871381916,Train
1522,59.80459996,10.80458921,32.8788984112,Train
1523,59.80443845,10.80452758,32.2029738084,Train
1524,59.80424847,10.8044638,33.4582632334,Train
1525,59.80404556,10.80442551,32.235161425,Train
1526,59.80386582,10.80440941,30.8511246028,Train
1527,59.80370377,10.8043861,28.7911631777,Train
1528,59.80351578,10.80432909,28.968192,Train
1529,59.80333905,10.8042939,29.0486579722,Train
1530,59.80319131,10.80423242,27.5519706306,Train
1531,59.80305664,10.80422416,25.910439014,Train
1532,59.80295751,10.80424206,23.1262730959,Train
1533,59.8028201,10.80420602,23.1584607125,Train
1534,59.80269524,10.80421327,21.7422378084,Train
1535,59.80259531,10.80424262,20.5513236168,Train
1536,59.80246128,10.80424217,19.1029130959,Train
1537,59.80236995,10.80422213,17.4774752875,Train
1538,59.80228203,10.80419095,16.334840986,Train
1539,59.80216906,10.80425216,17.1877944112,Train
1540,59.80208845,10.80423891,16.6888970959,Train
1541,59.80198526,10.80427224,16.5440558903,Train
1542,59.80189152,10.80427274,14.7576846028,Train
1543,59.80179116,10.80427156,16.9624856987,Train
1544,59.80169572,10.80425655,16.8820181916,Train
1545,59.80160579,10.80424458,15.4979829042,Train
1546,59.80155599,10.80425328,13.7759853153,Train
1547,59.80147611,10.8042451,13.7437976986,Train
1548,59.80141969,10.80421862,11.8447720549,Train
1549,59.80135501,10.80423884,11.6838378083,Train
1550,59.80130925,10.80423455,11.5550896437,Train
1551,59.80124036,10.80423325,13.2931818083,Train
1552,59.80123043,10.80415238,4.10382712327,Train
1553,59.80118612,10.80420043,3.47618317813,Train
1554,59.8011224,10.80416726,3.07384698628,Train
1555,59.80109427,10.80422322,0.0,Train
1556,59.80105468,10.80421955,0.0,Train
1557,59.8009766,10.8042412,5.90629260278,Train
1558,59.80092512,10.80423936,6.82361819165,Train
1559,59.80087722,10.80422992,7.51563660278,Train
1560,59.80082772,10.80422495,7.74094454791,Train
1561,59.80077487,10.80422916,8.72264460278,Train
1562,59.80071638,10.80421924,9.47903594514,Train
1563,59.80066643,10.80420499,10.0101193423,Train
1564,59.80058927,10.80417355,11.9091457535,Train
1565,59.8005125,10.80416836,13.1483406028,Train
1566,59.80043848,10.8041377,13.9208249861,Train
1567,59.80035466,10.80413986,15.4979829042,Train
1568,59.80027483,10.8041141,15.288768,Train
1569,59.80019037,10.80406692,16.2382812056,Train
1570,59.80009884,10.80399756,17.4131015888,Train
1571,59.79999306,10.80396352,18.4591761097,Train
1572,59.79988048,10.80389886,19.3282218084,Train
1573,59.79977462,10.80385106,19.4569692056,Train
1574,59.79966325,10.80378403,21.0502193972,Train
1575,59.79955838,10.80371904,21.2916203832,Train
1576,59.79943641,10.80364999,22.6756572056,Train
1577,59.79931262,10.80358733,23.6895441097,Train
1578,59.79917098,10.80354813,24.3976547944,Train
1579,59.79903432,10.8034395,24.6068696987,Train
1580,59.79888176,10.80333942,25.2988881097,Train
1581,59.79872462,10.80325176,26.7312048223,Train
1582,59.79856972,10.80317108,28.1313323832,Train
1583,59.79842001,10.80310795,28.4532024112,Train
1584,59.79823997,10.80308235,28.7428848223,Train
1585,59.79807254,10.80299757,29.0969393972,Train
1586,59.79792633,10.8029262,29.6280227944,Train
1587,59.79774265,10.80288357,29.8050516168,Train
1588,59.79757756,10.80280531,31.0764317804,Train
1589,59.79740209,10.80274498,31.2534606028,Train
1590,59.79720065,10.80269951,33.1846746306,Train
1591,59.79701526,10.80265395,32.7340572056,Train
1592,59.79680583,10.80261366,34.7135495888,Train
1593,59.79661637,10.80255872,34.0698126028,Train
1594,59.79641384,10.8025327,35.7757163832,Train
1595,59.79623425,10.80252037,33.8927837804,Train
1596,59.7960235,10.80248938,36.1780523832,Train
1597,59.79582078,10.80245483,36.3550812056,Train
1598,59.79561339,10.80247073,36.8861646028,Train
1599,59.79542726,10.80249486,37.3206882196,Train
1600,59.79521634,10.80245701,37.1919408223,Train
1601,59.79499636,10.80239531,38.2541076168,Train
1602,59.79478932,10.80233246,38.4794147944,Train
1603,59.79458649,10.80222384,38.7208157804,Train
1604,59.79436501,10.80214316,39.5093939722,Train
1605,59.79414545,10.80203044,40.0404773694,Train
1606,59.79394529,10.80183342,41.4084203832,Train
1607,59.79375506,10.8015815,41.7624780278,Train
1608,59.79354174,10.80137314,41.6659151777,Train
1609,59.7933103,10.8010823,42.6637098084,Train
1610,59.79310022,10.8009332,41.8107563832,Train
1611,59.79292379,10.80075982,40.6520298084,Train
1612,59.79270577,10.80058813,41.7785687666,Train
1613,59.79252753,10.80040702,40.6037483832,Train
1614,59.79226975,10.80024822,42.084344986,Train
1615,59.79200589,10.80015766,42.7280819722,Train
1616,59.79175879,10.80001917,43.2591653694,Train
1617,59.79156279,10.7999728,40.9738967666,Train
1618,59.79131907,10.79991615,41.2474853694,Train
1619,59.79107653,10.79985011,41.5693553972,Train
1620,59.79083649,10.79985194,41.5532615888,Train
1621,59.79056858,10.79980806,42.2774676168,Train
1622,59.79037685,10.79979069,41.8590378084,Train
1623,59.7901426,10.7997518,42.2613738084,Train
1624,59.78991382,10.79970491,41.6176368223,Train
1625,59.78966917,10.7996369,42.486680986,Train
1626,59.78948483,10.79961709,39.9117299722,Train
1627,59.7892924,10.79963284,37.771302575,Train
1628,59.78909868,10.79959432,36.1941461916,Train
1629,59.78890228,10.79958131,34.0859064112,Train
1630,59.78874469,10.79965186,32.138598575,Train
1631,59.78859916,10.7996701,29.4992753972,Train
1632,59.7884177,10.79969486,30.4648824112,Train
1633,59.78824184,10.79970822,30.6419112334,Train
1634,59.78815049,10.79972191,25.0092056987,Train
1635,59.78803562,10.7997661,24.2850012056,Train
1636,59.78790485,10.79979621,23.576888986,Train
1637,59.7877913,10.79981831,23.2067406028,Train
1638,59.78767888,10.79985506,22.1445738084,Train
1639,59.78755689,10.79989907,22.289415014,Train
1640,59.78746243,10.79994984,19.6661841097,Train
1641,59.78737158,10.79997723,19.1833806028,Train
1642,59.78729777,10.80001186,16.2704672875,Train
1643,59.78721068,10.80005359,15.9807864111,Train
1644,59.78712747,10.8000694,15.5301689861,Train
1645,59.78701904,10.80015256,15.9807864111,Train
1646,59.78693356,10.80018871,15.6750101917,Train
1647,59.78685944,10.8002024,14.8703381917,Train
1648,59.78679402,10.80023026,12.5046028493,Train
1649,59.78668822,10.80026057,12.8586581917,Train
1650,59.78662541,10.80029467,13.0678730958,Train
1651,59.78657519,10.80033671,12.8103783014,Train
1652,59.78651834,10.80033066,11.9574256437,Train
1653,59.78645972,10.800363,9.9940263014,Train
1654,59.78640612,10.80039943,10.9596325479,Train
1655,59.78635835,10.80040319,10.2354280549,Train
1656,59.78631749,10.80042916,9.1893543014,Train
1657,59.78625319,10.80045247,9.5916903014,Train
1658,59.78620949,10.80047489,8.17546739722,Train
1659,59.78615181,10.80050091,7.38688920557,Train
1660,59.78611442,10.80052488,4.4900696986,Train
1661,59.78606147,10.80053933,1.80246528768,Train
1662,59.78602197,10.80054625,2.0760536986,Train
1663,59.78605265,10.80049997,1.609344,Train
1664,59.78608753,10.80064345,2.09214712327,Train
1665,59.78603527,10.80066336,2.28526841093,Train
1666,59.78597066,10.80068102,3.65321084931,Train
1667,59.78590613,10.80071584,5.14990087673,Train
1668,59.78597077,10.80067505,0.981699863022,Train
1669,59.78603672,10.80071617,1.59325057535,Train
1670,59.78593094,10.8007147,3.23478142465,Train
1671,59.78595956,10.80062589,0.885139219185,Train
1672,59.78592024,10.8006371,3.05775356163,Train
1673,59.78583827,10.80066383,4.24866832882,Train
1674,59.78579472,10.80069375,6.56612339722,Train
1675,59.78575436,10.80073611,7.1776743014,Train
1676,59.78568972,10.80077223,9.30200865766,Train
1677,59.78562293,10.80080501,9.54340964374,Train
1678,59.7854922,10.8008436,15.1922066847,Train
1679,59.78537492,10.80089103,15.6750101917,Train
1680,59.78529226,10.8008437,15.6589163833,Train
1681,59.78519723,10.80086965,15.8842250958,Train
1682,59.78504826,10.80084798,19.955864986,Train
1683,59.78492871,10.80086377,21.2433404931,Train
1684,59.78479219,10.80088335,22.289415014,Train
1685,59.7846586,10.80088615,22.4664423013,Train
1686,59.7845024,10.80087891,23.6734503013,Train
1687,59.78435271,10.8008885,25.4598215888,Train
1688,59.78419576,10.8008954,26.2323059722,Train
1689,59.78404971,10.80090246,26.7312048223,Train
1690,59.78388309,10.80093593,28.0508664112,Train
1691,59.78372005,10.80094852,29.0003796168,Train
1692,59.78356018,10.80095023,29.531463014,Train
1693,59.78339688,10.80094955,29.7406763832,Train
1694,59.78322449,10.80095825,30.9637781916,Train
1695,59.78305293,10.80096485,31.1569008223,Train
1696,59.78286845,10.80097495,32.3800026306,Train
1697,59.78267434,10.80099819,33.2007653694,Train
1698,59.78247136,10.80102374,34.6169898084,Train
1699,59.78227591,10.80104576,35.1319793972,Train
1700,59.78207392,10.80110582,36.8217893694,Train
1701,59.78189283,10.80113321,36.0653987944,Train
1702,59.78167466,10.8011562,36.6286698084,Train
1703,59.78153183,10.80114978,34.2629352334,Train
1704,59.78135559,10.80133686,34.1341847666,Train
1705,59.78102989,10.80140456,39.9278237804,Train
1706,59.78081282,10.80144566,40.1209464112,Train
1707,59.78054952,10.80152264,40.635936,Train
1708,59.78033292,10.80155802,40.635936,Train
1709,59.78011997,10.80161061,40.3784412056,Train
1710,59.77991416,10.80168891,41.488889425,Train
1711,59.77968903,10.80178791,41.440608,Train
1712,59.77946055,10.80185977,41.4245141916,Train
1713,59.77921198,10.80195908,42.5188686028,Train
1714,59.77895939,10.80205783,43.9189992334,Train
1715,59.77872299,10.80217099,42.0360666306,Train
1716,59.77849881,10.80227682,41.6981027944,Train
1717,59.77827178,10.80239049,41.9716913972,Train
1718,59.77806156,10.80247314,39.879545425,Train
1719,59.77784143,10.8025759,39.2840867944,Train
1720,59.7776199,10.80267409,38.9300322196,Train
1721,59.77742106,10.80274612,38.4794147944,Train
1722,59.77720245,10.80287487,38.865656986,Train
1723,59.77701064,10.80297487,38.7047219722,Train
1724,59.77679988,10.80310358,38.9300322196,Train
1725,59.77659313,10.80322541,38.785191014,Train
1726,59.77639252,10.80335535,37.9161437804,Train
1727,59.77620349,10.80349336,37.7552087666,Train
1728,59.77601064,10.80362368,37.0953779722,Train
1729,59.77583102,10.8037719,35.5986906306,Train
1730,59.77565113,10.80391445,34.6974557804,Train
1731,59.77547984,10.80407394,33.6513827944,Train
1732,59.7753188,10.80421052,32.830616986,Train
1733,59.77516515,10.80435217,32.347815014,Train
1734,59.77499986,10.80448136,31.430489425,Train
1735,59.77483611,10.80462019,30.7223772056,Train
1736,59.77468293,10.8047466,28.726791014,Train
1737,59.77453966,10.80484841,27.5841551777,Train
1738,59.77440378,10.80497802,26.6507357804,Train
1739,59.77427249,10.80509689,24.944832,Train
1740,59.77415699,10.80520731,24.1884398903,Train
1741,59.77403369,10.80531115,23.4159555069,Train
1742,59.77392498,10.80540931,22.7078432875,Train
1743,59.77382152,10.80548362,22.7239370959,Train
1744,59.77370875,10.80560168,23.0297133153,Train
1745,59.77360261,10.80569657,21.5973966028,Train
1746,59.77348994,10.80579799,20.9375658084,Train
1747,59.7734132,10.80593129,19.2155666847,Train
1748,59.77332176,10.80606254,19.4891552875,Train
1749,59.77323925,10.80615202,18.9580718903,Train
1750,59.77313087,10.80626643,19.6179026847,Train
1751,59.77303961,10.80636615,18.507456,Train
1752,59.77295785,10.80645484,17.8798112875,Train
1753,59.77289393,10.80652348,14.7576846028,Train
1754,59.77283516,10.80658351,13.6633301917,Train
1755,59.77277165,10.80663418,12.9069396167,Train
1756,59.77272071,10.80667919,12.3275747944,Train
1757,59.77267296,10.80674591,11.2171273423,Train
1758,59.7726264,10.80679489,10.7665114521,Train
1759,59.77257426,10.80683707,10.3641754521,Train
1760,59.77252686,10.80688629,9.54340964374,Train
1761,59.77246624,10.806943,8.5134296986,Train
1762,59.77240779,10.80697812,8.60999024652,Train
1763,59.77235934,10.80704533,6.14769397256,Train
1764,59.77230021,10.80708489,5.40739567118,Train
1765,59.77226377,10.80711476,2.04386684931,Train
1766,59.77221189,10.80717813,1.89902583559,Train
1767,59.7722645,10.80710926,0.579363863022,Train
1768,59.7723018,10.80709275,1.54497020547,Train
1769,59.77238,10.80701625,3.87851917813,Train
1770,59.77234509,10.80705524,1.56106372604,Train
1771,59.77232569,10.80711564,0.0,Train
1772,59.77223764,10.80720161,6.51784350695,Train
1773,59.77214421,10.80724631,7.67657084931,Train
1774,59.77202115,10.80738935,11.9252387944,Train
1775,59.77196537,10.80748355,11.7964913972,Train
1776,59.77187875,10.8076069,12.4241353423,Train
1777,59.77179892,10.80765723,12.9391256986,Train
1778,59.77170956,10.80780344,14.1944135889,Train
1779,59.77163377,10.80801081,16.0773461917,Train
1780,59.77155645,10.8081394,16.7532707944,Train
1781,59.77149049,10.8082562,16.7049909041,Train
1782,59.77139723,10.80843194,17.7993453153,Train
1783,59.77127771,10.80862767,20.3421087125,Train
1784,59.7711594,10.80881403,22.2572273972,Train
1785,59.77109552,10.80899395,21.9997326028,Train
1786,59.77099798,10.8091528,22.4664423013,Train
1787,59.77085372,10.80935135,24.6390573153,Train
1788,59.77074664,10.8095285,24.6873372056,Train
1789,59.77063104,10.80968601,25.186232986,Train
1790,59.77048862,10.80989799,28.0991447666,Train
1791,59.77036535,10.81010336,28.3566426306,Train
1792,59.77021927,10.81035329,29.724582575,Train
1793,59.77008193,10.8105475,31.623608986,Train
1794,59.76993618,10.81075128,31.9132913972,Train
1795,59.76978327,10.81092835,32.8628046028,Train
1796,59.76960695,10.8110864,32.6053098084,Train
1797,59.76945805,10.81123342,31.945479014,Train
1798,59.76928636,10.81134768,33.3777941916,Train
1799,59.76908713,10.81146805,33.442169425,Train
1800,59.76890611,10.81158594,33.9732528223,Train
1801,59.7687285,10.81164366,33.2812344112,Train
1802,59.76855409,10.81170905,33.0237396168,Train
1803,59.76839524,10.81175996,30.6901895888,Train
1804,59.76821878,10.81181219,30.979872,Train
1805,59.76807525,10.81184174,28.9520981916,Train
1806,59.76791759,10.8118748,27.6163427944,Train
1807,59.76776864,10.81190011,27.0691655888,Train
1808,59.76761228,10.81194796,25.8782513972,Train
1809,59.7674861,10.81198182,23.5447029041,Train
1810,59.76736327,10.81201534,22.0962923832,Train
1811,59.76726642,10.81202508,19.1672867944,Train
1812,59.76716642,10.81204908,18.8293244931,Train
1813,59.76705534,10.81209571,19.5696227944,Train
1814,59.76693959,10.81212668,19.9397727125,Train
1815,59.76680372,10.81215718,19.2960341916,Train
1816,59.76671395,10.81220587,18.10512,Train
1817,59.76662184,10.81222177,17.944184986,Train
1818,59.76653094,10.81224016,17.1234207125,Train
1819,59.76643925,10.81226139,16.6728032875,Train
1820,59.76633967,10.81229515,16.6888970959,Train
1821,59.76627025,10.81228866,15.7554776986,Train
1822,59.76620256,10.81231242,14.7576846028,Train
1823,59.76613037,10.81229501,14.3875346847,Train
1824,59.76605405,10.81230416,13.598956493,Train
1825,59.76601657,10.81233532,10.9113526577,Train
1826,59.76594143,10.81237909,10.943539507,Train
1827,59.76589062,10.81237814,10.4285491507,Train
1828,59.76587842,10.81244862,8.89967265766,Train
1829,59.76579203,10.81247593,8.28812175348,Train
1830,59.76573373,10.81251011,7.69266465766,Train
1831,59.76569586,10.81253194,1.06216708221,Train
1832,59.76563615,10.8126131,7.20986115069,Train
1833,59.76560114,10.81264151,7.35470235626,Train
1834,59.76554854,10.81268852,8.86748580835,Train
1835,59.76548793,10.81274121,9.20544734234,Train
1836,59.76542272,10.81279509,10.3158947944,Train
1837,59.76534636,10.81284436,12.4402291507,Train
1838,59.76526375,10.81290419,13.679424,Train
1839,59.7651873,10.81295668,14.7576846028,Train
1840,59.76511023,10.81302234,14.1461336986,Train
1841,59.76501539,10.8130998,15.5784504111,Train
1842,59.76494552,10.81316929,16.1256276168,Train
1843,59.76486769,10.81327657,17.059047014,Train
1844,59.76477012,10.81341172,18.4752683832,Train
1845,59.76467884,10.81353942,19.0063533153,Train
1846,59.76459062,10.81369529,19.9880526028,Train
1847,59.76448984,10.81383562,20.7444447125,Train
1848,59.76440352,10.81400694,22.6273773153,Train
1849,59.76430547,10.81421972,24.2045336987,Train
1850,59.76419693,10.814422,25.6690364931,Train
1851,59.76409489,10.81465932,26.103558575,Train
1852,59.76399138,10.81492342,27.5680613694,Train
1853,59.76392806,10.81520464,27.600248986,Train
1854,59.76381446,10.81550481,28.4371086028,Train
1855,59.76370799,10.8158,29.6280227944,Train
1856,59.76362414,10.8161238,30.8511246028,Train
1857,59.76352642,10.81642733,31.4465832334,Train
1858,59.76349353,10.81678447,31.0764317804,Train
1859,59.76347061,10.81713214,31.4626739722,Train
1860,59.76344989,10.81745746,31.1247132056,Train
1861,59.76345306,10.81777213,30.1430123832,Train
1862,59.76344749,10.81815549,32.0098511777,Train
1863,59.7634709,10.81850278,32.637497425,Train
1864,59.76346911,10.81885585,31.3017420278,Train
1865,59.76347064,10.81917649,31.0603379722,Train
1866,59.76346094,10.8195691,32.5731221916,Train
1867,59.76344835,10.81995111,32.7984293694,Train
1868,59.76340095,10.82029938,32.7340572056,Train
1869,59.76336413,10.8206738,33.6031013694,Train
1870,59.76330621,10.82102408,33.1042055888,Train
1871,59.76326245,10.8213624,32.5248407666,Train
1872,59.76317833,10.82170743,33.2973282196,Train
1873,59.7630975,10.82206361,33.4260756168,Train
1874,59.76299791,10.8223809,32.8788984112,Train
1875,59.76289586,10.82268555,32.235161425,Train
1876,59.76277294,10.8229757,33.442169425,Train
1877,59.76263462,10.82324551,33.8605992334,Train
1878,59.76250247,10.82354594,34.954950575,Train
1879,59.76236492,10.82380602,35.2607267944,Train
1880,59.76221828,10.82400291,33.442169425,Train
1881,59.76206428,10.82420969,33.152487014,Train
1882,59.76190019,10.824376,32.8145231777,Train
1883,59.76173171,10.82454569,33.1685808223,Train
1884,59.76152356,10.82470204,34.5043362196,Train
1885,59.76139569,10.82477596,32.6696819722,Train
1886,59.76125752,10.82488392,32.138598575,Train
1887,59.76108722,10.82501155,33.2973282196,Train
1888,59.76093472,10.82518097,33.232952986,Train
1889,59.76076657,10.82537419,33.7640363832,Train
1890,59.76059793,10.82552541,33.5387292056,Train
1891,59.76045091,10.82576816,33.152487014,Train
1892,59.76031688,10.8260046,33.2007653694,Train
1893,59.76018418,10.82625765,33.8605992334,Train
