ID,LAT,LON,SPEED,ACCURACY,ALTITUDE,HEADING,TIME,ACTIVITY,ACTIVITY2
bla, 59.90977757, 10.80607541, 10.1800003052, 8.0, 136.0, 146.399993896, 1489060687.25, t-bane 
bla, 59.90970976, 10.80611913, 8.81000041962, 6.0, 125.0, 149.5, 1489060689.14, t-bane 
bla, 59.90961339, 10.80628429, 12.1800003052, 8.0, 138.0, 130.800003052, 1489060690.17, t-bane 
bla, 59.90956508, 10.80645784, 11.4799995422, 9.0, 136.0, 124.400001526, 1489060691.26, t-bane 
bla, 59.90952294, 10.80660963, 11.3900003433, 9.0, 134.0, 119.900001526, 1489060692.18, t-bane 
bla, 59.90947862, 10.80682161, 11.9899997711, 8.0, 137.0, 114.900001526, 1489060693.14, t-bane 
bla, 59.90942161, 10.80704037, 11.8900003433, 7.0, 134.0, 110.199996948, 1489060694.15, t-bane 
bla, 59.90939552, 10.80724724, 10.8500003815, 8.0, 134.0, 105.800003052, 1489060695.28, t-bane 
bla, 59.90938092, 10.80745489, 11.5799999237, 7.0, 138.0, 100.699996948, 1489060696.25, t-bane 
bla, 59.90936277, 10.80769042, 12.3199996948, 7.0, 138.0, 102.599998474, 1489060697.21, t-bane 
bla, 59.90934197, 10.8079222, 12.3599996567, 7.0, 140.0, 97.5, 1489060698.2, t-bane 
bla, 59.90931934, 10.80813534, 12.279999733, 8.0, 138.0, 95.5999984741, 1489060699.13, t-bane 
bla, 59.90932049, 10.80836296, 13.0100002289, 8.0, 139.0, 91.8000030518, 1489060700.11, t-bane 
bla, 59.90932441, 10.80859623, 12.4799995422, 9.0, 139.0, 89.0999984741, 1489060701.14, t-bane 
bla, 59.90930913, 10.80882613, 12.6800003052, 9.0, 141.0, 93.9000015259, 1489060702.13, t-bane 
bla, 59.9092879, 10.80912271, 13.0200004578, 9.0, 139.0, 91.9000015259, 1489060703.17, t-bane 
bla, 59.90929572, 10.80937604, 12.8400001526, 7.0, 140.0, 92.5999984741, 1489060704.12, t-bane 
bla, 59.90929864, 10.8096049, 12.8900003433, 9.0, 139.0, 90.9000015259, 1489060705.13, t-bane 
bla, 59.90927741, 10.80983496, 13.1099996567, 8.0, 137.0, 94.9000015259, 1489060706.17, t-bane 
bla, 59.90925567, 10.81006546, 12.8900003433, 8.0, 136.0, 94.0, 1489060707.1, t-bane 
bla, 59.90923692, 10.81026045, 11.5200004578, 8.0, 137.0, 94.8000030518, 1489060708.13, t-bane 
bla, 59.9092196, 10.81043164, 10.7700004578, 8.0, 138.0, 97.0999984741, 1489060709.15, t-bane 
bla, 59.90920252, 10.81064842, 9.73999977112, 7.0, 139.0, 96.4000015259, 1489060710.17, t-bane 
bla, 59.90918458, 10.81080862, 8.90999984741, 7.0, 139.0, 101.400001526, 1489060711.2, t-bane 
bla, 59.90917155, 10.81095443, 7.78000020981, 6.0, 139.0, 102.800003052, 1489060712.12, t-bane 
bla, 59.90915221, 10.81108566, 7.65000009537, 7.0, 140.0, 99.5999984741, 1489060713.15, t-bane 
bla, 59.90911039, 10.81125801, 5.44999980927, 8.0, 143.0, 110.800003052, 1489060715.15, t-bane 
bla, 59.909079, 10.81133583, 2.6099998951, 9.0, 143.0, 130.100006104, 1489060717.15, t-bane 
bla, 59.90911572, 10.81137196, 1.49000000954, 11.0, 146.0, 130.100006104, 1489060720.11, t-bane 
bla, 59.90903635, 10.81146328, 0.980000019073, 12.0, 147.0, 130.100006104, 1489060721.18, t-bane 
bla, 59.90898129, 10.81146482, 2.90000009537, 38.0, 147.0, 130.100006104, 1489060728.11, t-bane 
bla, 59.90901411, 10.81155827, 2.00999999046, 39.0, 147.0, 130.100006104, 1489060729.15, t-bane 
bla, 59.90912008, 10.81149147, 0.180000007153, 29.0, 148.0, 130.100006104, 1489060730.16, t-bane 
bla, 59.90916313, 10.81150752, 0.810000002384, 27.0, 148.0, 130.100006104, 1489060731.12, t-bane 
bla, 59.90927554, 10.81165447, 1.50999999046, 24.0, 149.0, 130.100006104, 1489060732.2, t-bane 
bla, 59.90923726, 10.81167385, 1.77999997139, 23.0, 148.0, 130.100006104, 1489060734.2, t-bane 
bla, 59.90932639, 10.81180977, 0.879999995232, 24.0, 149.0, 130.100006104, 1489060735.12, t-bane 
bla, 59.9092776, 10.81172527, 1.98000001907, 22.0, 149.0, 130.100006104, 1489060737.28, t-bane 
bla, 59.90922857, 10.81174264, 2.91000008583, 23.0, 149.0, 159.100006104, 1489060738.2, t-bane 
bla, 59.90917928, 10.81174836, 3.77999997139, 24.0, 148.0, 143.300003052, 1489060739.16, t-bane 
bla, 59.90915017, 10.81182658, 4.38999986649, 23.0, 148.0, 133.600006104, 1489060740.19, t-bane 
bla, 59.90917597, 10.81195774, 5.13999986649, 22.0, 148.0, 103.300003052, 1489060741.16, t-bane 
bla, 59.90916205, 10.81203335, 5.57999992371, 22.0, 148.0, 97.4000015259, 1489060742.12, t-bane 
bla, 59.90920482, 10.81218385, 5.86999988556, 21.0, 149.0, 95.8000030518, 1489060743.19, t-bane 
bla, 59.90922724, 10.81233066, 5.96999979019, 20.0, 149.0, 95.0, 1489060744.24, t-bane 
bla, 59.90915738, 10.81249058, 7.11999988556, 13.0, 148.0, 86.8000030518, 1489060745.12, t-bane 
bla, 59.90913348, 10.81270122, 8.81999969482, 12.0, 147.0, 94.5999984741, 1489060746.16, t-bane 
bla, 59.90913595, 10.81290297, 10.0500001907, 14.0, 149.0, 96.4000015259, 1489060747.32, t-bane 
bla, 59.90909876, 10.813034, 9.31999969482, 14.0, 149.0, 101.0, 1489060748.23, t-bane 
bla, 59.90906487, 10.81318995, 9.26000022888, 15.0, 148.0, 98.5, 1489060749.12, t-bane 
bla, 59.909048, 10.81332964, 9.72999954224, 14.0, 149.0, 97.8000030518, 1489060750.12, t-bane 
bla, 59.90903379, 10.81353283, 11.8500003815, 14.0, 149.0, 97.5, 1489060751.24, t-bane 
bla, 59.90900562, 10.81377309, 12.7700004578, 14.0, 149.0, 99.9000015259, 1489060752.16, t-bane 
bla, 59.908993, 10.81391437, 10.3900003433, 15.0, 149.0, 96.1999969482, 1489060753.23, t-bane 
bla, 59.90898683, 10.81410712, 9.22999954224, 15.0, 149.0, 99.9000015259, 1489060754.27, t-bane 
bla, 59.90895253, 10.8142347, 7.48000001907, 16.0, 150.0, 106.599998474, 1489060755.2, t-bane 
bla, 59.90895647, 10.81437534, 6.94999980927, 17.0, 149.0, 95.0, 1489060756.16, t-bane 
bla, 59.90893502, 10.81456578, 6.40999984741, 18.0, 152.0, 96.1999969482, 1489060757.12, t-bane 
bla, 59.90892024, 10.81466391, 5.38999986649, 19.0, 151.0, 102.599998474, 1489060758.2, t-bane 
bla, 59.9089072, 10.81478736, 5.36000013351, 20.0, 151.0, 102.699996948, 1489060759.2, t-bane 
bla, 59.90869942, 10.81495681, 11.1499996185, 17.0, 146.0, 134.699996948, 1489060760.14, t-bane 
bla, 59.90861582, 10.81518051, 12.1700000763, 16.0, 148.0, 136.0, 1489060761.25, t-bane 
bla, 59.90849813, 10.8153679, 12.6800003052, 15.0, 148.0, 142.199996948, 1489060762.34, t-bane 
bla, 59.9083966, 10.81553629, 12.6999998093, 14.0, 147.0, 148.899993896, 1489060763.13, t-bane 
bla, 59.90829425, 10.81572604, 13.2399997711, 14.0, 144.0, 149.0, 1489060764.2, t-bane 
bla, 59.90817185, 10.81586065, 13.5399999619, 13.0, 144.0, 151.899993896, 1489060765.26, t-bane 
bla, 59.90804735, 10.81600927, 13.5799999237, 14.0, 145.0, 152.600006104, 1489060766.12, t-bane 
bla, 59.90793257, 10.81612636, 13.4899997711, 14.0, 147.0, 153.100006104, 1489060767.18, t-bane 
bla, 59.90778409, 10.81633879, 13.25, 13.0, 143.0, 148.699996948, 1489060768.18, t-bane 
bla, 59.90767911, 10.81648134, 12.9799995422, 14.0, 145.0, 147.199996948, 1489060769.26, t-bane 
bla, 59.90756954, 10.81664467, 13.5600004196, 14.0, 144.0, 145.300003052, 1489060770.22, t-bane 
bla, 59.90747887, 10.81676295, 12.8199996948, 14.0, 144.0, 144.600006104, 1489060771.26, t-bane 
bla, 59.90736895, 10.81690571, 13.4600000381, 15.0, 144.0, 143.5, 1489060772.21, t-bane 
bla, 59.90726462, 10.81707479, 13.1800003052, 16.0, 142.0, 139.699996948, 1489060773.16, t-bane 
bla, 59.90718632, 10.81724004, 12.279999733, 19.0, 142.0, 133.600006104, 1489060774.14, t-bane 
bla, 59.90710606, 10.81739749, 12.1199998856, 23.0, 144.0, 133.199996948, 1489060775.24, t-bane 
bla, 59.90704962, 10.81758871, 11.970000267, 25.0, 144.0, 131.300003052, 1489060776.16, t-bane 
bla, 59.9069943, 10.81783992, 12.6499996185, 24.0, 144.0, 127.300003052, 1489060777.16, t-bane 
bla, 59.90690907, 10.81805493, 13.1099996567, 23.0, 143.0, 123.199996948, 1489060778.24, t-bane 
bla, 59.9068093, 10.8182358, 13.1800003052, 19.0, 142.0, 125.599998474, 1489060779.18, t-bane 
bla, 59.90675862, 10.81833802, 11.9200000763, 15.0, 143.0, 131.100006104, 1489060780.26, t-bane 
bla, 59.90666672, 10.81849766, 12.6099996567, 15.0, 141.0, 132.199996948, 1489060781.14, t-bane 
bla, 59.90659463, 10.81867618, 12.1099996567, 14.0, 142.0, 133.899993896, 1489060782.2, t-bane 
bla, 59.90653351, 10.81881183, 12.0, 14.0, 143.0, 137.300003052, 1489060783.14, t-bane 
bla, 59.9064506, 10.81894879, 11.529999733, 14.0, 141.0, 139.0, 1489060784.16, t-bane 
bla, 59.90636688, 10.81912578, 11.1599998474, 13.0, 142.0, 141.800003052, 1489060785.28, t-bane 
bla, 59.90629539, 10.81923963, 9.78999996185, 14.0, 144.0, 143.699996948, 1489060786.16, t-bane 
bla, 59.90624309, 10.81927955, 8.25, 13.0, 144.0, 146.600006104, 1489060787.16, t-bane 
bla, 59.90618697, 10.81936853, 7.01000022888, 13.0, 143.0, 151.5, 1489060788.27, t-bane 
bla, 59.90617026, 10.81944952, 6.34000015259, 13.0, 142.0, 146.5, 1489060789.18, t-bane 
bla, 59.90612045, 10.8195063, 4.13000011444, 13.0, 140.0, 142.199996948, 1489060791.22, t-bane 
bla, 59.90606229, 10.81951287, 6.15999984741, 10.0, 131.0, 156.899993896, 1489060819.33, t-bane 
bla, 59.90599864, 10.81955058, 6.71999979019, 10.0, 134.0, 158.600006104, 1489060820.13, t-bane 
bla, 59.90591687, 10.81965471, 7.30999994278, 10.0, 136.0, 162.0, 1489060821.2, t-bane 
bla, 59.90583507, 10.81973585, 8.40999984741, 10.0, 138.0, 158.199996948, 1489060822.26, t-bane 
bla, 59.90575724, 10.81980098, 8.96000003815, 11.0, 139.0, 160.5, 1489060823.16, t-bane 
bla, 59.90564006, 10.81989237, 10.8400001526, 11.0, 141.0, 164.300003052, 1489060824.21, t-bane 
bla, 59.90553857, 10.81993858, 10.5799999237, 11.0, 142.0, 166.399993896, 1489060825.22, t-bane 
bla, 59.90543035, 10.8199867, 11.220000267, 12.0, 144.0, 168.0, 1489060826.78, t-bane 
bla, 59.90531963, 10.81999981, 11.720000267, 13.0, 145.0, 174.300003052, 1489060827.14, t-bane 
bla, 59.90520458, 10.82002405, 11.9099998474, 14.0, 144.0, 177.300003052, 1489060828.13, t-bane 
bla, 59.9050968, 10.81999576, 12.5, 14.0, 144.0, 177.699996948, 1489060829.18, t-bane 
bla, 59.90498288, 10.82000679, 11.970000267, 15.0, 145.0, 179.0, 1489060830.14, t-bane 
bla, 59.90487006, 10.81999297, 12.3699998856, 15.0, 146.0, 183.0, 1489060831.18, t-bane 
bla, 59.90471717, 10.81990245, 13.1899995804, 14.0, 145.0, 186.800003052, 1489060832.27, t-bane 
bla, 59.90459668, 10.8199574, 13.2899999619, 14.0, 147.0, 185.800003052, 1489060833.12, t-bane 
bla, 59.90446715, 10.81998116, 13.6400003433, 14.0, 147.0, 184.600006104, 1489060834.21, t-bane 
bla, 59.90433621, 10.81995231, 14.2100000381, 14.0, 148.0, 188.0, 1489060835.24, t-bane 
bla, 59.90421319, 10.81992813, 13.529999733, 13.0, 149.0, 191.600006104, 1489060836.22, t-bane 
bla, 59.90409859, 10.81987518, 13.4899997711, 13.0, 148.0, 191.800003052, 1489060837.14, t-bane 
bla, 59.90396843, 10.81982355, 14.8299999237, 12.0, 150.0, 191.600006104, 1489060838.24, t-bane 
bla, 59.90382479, 10.81979142, 15.0100002289, 13.0, 152.0, 192.199996948, 1489060839.2, t-bane 
bla, 59.90370881, 10.81972742, 14.8999996185, 13.0, 153.0, 194.600006104, 1489060840.15, t-bane 
bla, 59.90355242, 10.81966049, 16.0200004578, 11.0, 155.0, 196.899993896, 1489060841.2, t-bane 
bla, 59.90340081, 10.81956841, 16.1599998474, 12.0, 155.0, 197.600006104, 1489060842.24, t-bane 
bla, 59.90324595, 10.81951454, 16.0599994659, 12.0, 156.0, 196.300003052, 1489060843.18, t-bane 
bla, 59.9031204, 10.81939288, 15.8299999237, 12.0, 156.0, 202.300003052, 1489060844.16, t-bane 
bla, 59.90300213, 10.81930758, 15.220000267, 12.0, 156.0, 201.600006104, 1489060845.22, t-bane 
bla, 59.9028715, 10.81918149, 15.4600000381, 12.0, 153.0, 203.300003052, 1489060846.16, t-bane 
bla, 59.9027495, 10.81902074, 15.6899995804, 13.0, 154.0, 207.199996948, 1489060847.12, t-bane 
bla, 59.90255043, 10.81883225, 18.2199993134, 13.0, 153.0, 205.5, 1489060848.24, t-bane 
bla, 59.90240846, 10.81869751, 16.8700008392, 12.0, 154.0, 204.399993896, 1489060849.25, t-bane 
bla, 59.90226794, 10.81858902, 16.6599998474, 12.0, 154.0, 204.0, 1489060850.19, t-bane 
bla, 59.90213565, 10.8185125, 16.3999996185, 12.0, 153.0, 203.699996948, 1489060851.24, t-bane 
bla, 59.9020011, 10.81839731, 16.4899997711, 12.0, 154.0, 204.399993896, 1489060852.28, t-bane 
bla, 59.90183916, 10.81822015, 17.5499992371, 11.0, 155.0, 206.199996948, 1489060853.16, t-bane 
bla, 59.90167432, 10.81806647, 17.9099998474, 11.0, 154.0, 208.100006104, 1489060854.24, t-bane 
bla, 59.90153092, 10.81788528, 18.2299995422, 11.0, 155.0, 210.100006104, 1489060855.31, t-bane 
bla, 59.90143274, 10.81774381, 17.7399997711, 11.0, 156.0, 212.800003052, 1489060856.19, t-bane 
bla, 59.90130436, 10.817553, 18.1399993896, 11.0, 158.0, 213.800003052, 1489060857.16, t-bane 
bla, 59.90116532, 10.81737652, 18.2700004578, 11.0, 158.0, 213.800003052, 1489060858.2, t-bane 
bla, 59.9010285, 10.81719951, 18.5400009155, 10.0, 159.0, 214.399993896, 1489060859.12, t-bane 
bla, 59.90089369, 10.81703079, 18.5900001526, 10.0, 159.0, 214.399993896, 1489060860.16, t-bane 
bla, 59.90074208, 10.81683726, 18.3500003815, 10.0, 159.0, 214.600006104, 1489060861.12, t-bane 
bla, 59.90058994, 10.81664958, 18.8500003815, 11.0, 159.0, 215.800003052, 1489060862.25, t-bane 
bla, 59.90043057, 10.81650272, 18.7399997711, 10.0, 155.0, 214.0, 1489060863.16, t-bane 
bla, 59.90029125, 10.8163415, 18.8600006104, 10.0, 156.0, 213.800003052, 1489060864.19, t-bane 
bla, 59.90015966, 10.81613705, 18.6800003052, 11.0, 156.0, 214.399993896, 1489060865.2, t-bane 
bla, 59.90002069, 10.81593735, 18.7399997711, 12.0, 156.0, 214.800003052, 1489060866.15, t-bane 
bla, 59.89988981, 10.81574996, 18.6299991608, 12.0, 156.0, 215.5, 1489060867.15, t-bane 
bla, 59.8997516, 10.81556239, 18.6599998474, 13.0, 155.0, 215.100006104, 1489060879.03, t-bane 
bla, 59.89959692, 10.81536829, 19.0300006866, 14.0, 155.0, 213.899993896, 1489060879.13, t-bane 
bla, 59.89942135, 10.8152243, 19.2399997711, 14.0, 154.0, 208.399993896, 1489060879.33, t-bane 
bla, 59.89924411, 10.81506923, 19.7900009155, 15.0, 156.0, 207.300003052, 1489060879.57, t-bane 
bla, 59.89907896, 10.81487784, 19.9699993134, 14.0, 155.0, 209.800003052, 1489060879.79, t-bane 
bla, 59.89902417, 10.81467985, 18.1200008392, 12.0, 156.0, 215.199996948, 1489060879.92, t-bane 
bla, 59.89897148, 10.81451146, 15.8699998856, 11.0, 156.0, 214.399993896, 1489060880.04, t-bane 
bla, 59.8988567, 10.81436025, 15.5600004196, 11.0, 155.0, 216.100006104, 1489060880.15, t-bane 
bla, 59.89872529, 10.81417295, 15.970000267, 12.0, 154.0, 216.699996948, 1489060880.27, t-bane 
bla, 59.89863888, 10.81403728, 14.7399997711, 12.0, 154.0, 218.199996948, 1489060880.39, t-bane 
bla, 59.89856, 10.81386109, 13.7399997711, 11.0, 155.0, 221.699996948, 1489060880.51, t-bane 
bla, 59.8984901, 10.81368396, 13.5600004196, 13.0, 156.0, 223.600006104, 1489060880.7, t-bane 
bla, 59.89842757, 10.8136033, 12.0799999237, 14.0, 156.0, 222.399993896, 1489060880.82, t-bane 
bla, 59.89837835, 10.81343244, 11.5699996948, 14.0, 157.0, 231.100006104, 1489060881.28, t-bane 
bla, 59.89828784, 10.81329802, 11.8400001526, 15.0, 158.0, 222.300003052, 1489060882.24, t-bane 
bla, 59.89834979, 10.81331794, 6.38000011444, 12.0, 159.0, 232.0, 1489060883.19, t-bane 
bla, 59.89828854, 10.81320789, 6.53000020981, 13.0, 160.0, 230.0, 1489060884.16, t-bane 
bla, 59.89824574, 10.8130801, 6.98999977112, 13.0, 162.0, 232.899993896, 1489060885.26, t-bane 
bla, 59.89819871, 10.81301208, 6.78000020981, 14.0, 163.0, 224.0, 1489060886.27, t-bane 
bla, 59.89820703, 10.81292133, 4.03000020981, 14.0, 166.0, 245.600006104, 1489060888.2, t-bane 
bla, 59.89822021, 10.81301735, 0.670000016689, 14.0, 168.0, 245.600006104, 1489060889.23, t-bane 
bla, 59.89825688, 10.81302031, 0.0, 14.0, 170.0, 0.0, 1489060903.61, t-bane 
bla, 59.89825455, 10.81279524, 6.88999986649, 16.0, 173.0, 248.0, 1489060916.27, t-bane 
bla, 59.89825605, 10.81271191, 6.28000020981, 18.0, 173.0, 253.800003052, 1489060917.4, t-bane 
bla, 59.89825164, 10.81261321, 6.03000020981, 22.0, 173.0, 256.799987793, 1489060918.21, t-bane 
bla, 59.89824706, 10.81251458, 5.88000011444, 27.0, 173.0, 258.899993896, 1489060919.17, t-bane 
bla, 59.89815353, 10.81220163, 8.84000015259, 27.0, 172.0, 249.899993896, 1489060920.15, t-bane 
bla, 59.89778457, 10.81171168, 12.8699998856, 20.0, 171.0, 232.699996948, 1489060921.12, t-bane 
bla, 59.89760676, 10.81158983, 12.4200000763, 15.0, 170.0, 224.5, 1489060922.26, t-bane 
bla, 59.89740552, 10.81140428, 12.6800003052, 13.0, 172.0, 227.600006104, 1489060923.21, t-bane 
bla, 59.89729846, 10.81121605, 12.7299995422, 14.0, 172.0, 227.5, 1489060924.15, t-bane 
bla, 59.89724746, 10.81094882, 13.1400003433, 13.0, 171.0, 228.699996948, 1489060925.21, t-bane 
bla, 59.89715924, 10.8107633, 12.6400003433, 12.0, 171.0, 229.5, 1489060926.23, t-bane 
bla, 59.89706893, 10.81059717, 13.1599998474, 12.0, 172.0, 227.600006104, 1489060927.11, t-bane 
bla, 59.8969601, 10.81039644, 13.5600004196, 11.0, 172.0, 231.800003052, 1489060928.19, t-bane 
bla, 59.89686975, 10.81018916, 13.5, 11.0, 171.0, 231.300003052, 1489060929.12, t-bane 
bla, 59.8967875, 10.80998589, 13.4300003052, 11.0, 169.0, 233.199996948, 1489060930.17, t-bane 
bla, 59.89670521, 10.80977279, 13.1999998093, 11.0, 168.0, 235.100006104, 1489060931.11, t-bane 
bla, 59.89662151, 10.80959303, 13.1400003433, 11.0, 166.0, 233.600006104, 1489060932.1, t-bane 
bla, 59.89654842, 10.8094083, 12.779999733, 11.0, 166.0, 234.699996948, 1489060933.17, t-bane 
bla, 59.89649418, 10.80919818, 12.9899997711, 11.0, 166.0, 239.300003052, 1489060934.13, t-bane 
bla, 59.89643706, 10.80900478, 12.279999733, 11.0, 167.0, 239.100006104, 1489060935.12, t-bane 
bla, 59.89638999, 10.80878237, 12.75, 11.0, 167.0, 244.600006104, 1489060936.26, t-bane 
bla, 59.89634084, 10.80853703, 13.1700000763, 11.0, 166.0, 247.600006104, 1489060937.16, t-bane 
bla, 59.89630527, 10.80833926, 11.7899999619, 11.0, 166.0, 248.300003052, 1489060938.17, t-bane 
bla, 59.89627567, 10.80811481, 12.3199996948, 11.0, 167.0, 250.5, 1489060939.26, t-bane 
bla, 59.89624219, 10.80787514, 11.970000267, 11.0, 167.0, 252.100006104, 1489060940.25, t-bane 
bla, 59.89622914, 10.80768846, 12.0, 11.0, 167.0, 256.200012207, 1489060941.14, t-bane 
bla, 59.89621689, 10.8074561, 12.0799999237, 12.0, 168.0, 258.700012207, 1489060942.33, t-bane 
bla, 59.8962146, 10.8072164, 12.1400003433, 11.0, 170.0, 262.100006104, 1489060943.21, t-bane 
bla, 59.89620794, 10.80701586, 11.9899997711, 11.0, 171.0, 263.0, 1489060944.14, t-bane 
bla, 59.89621325, 10.80685434, 10.0200004578, 11.0, 174.0, 266.700012207, 1489060945.12, t-bane 
bla, 59.89618057, 10.80666395, 10.3199996948, 12.0, 173.0, 262.200012207, 1489060946.26, t-bane 
bla, 59.89611791, 10.80646254, 10.9899997711, 13.0, 172.0, 252.300003052, 1489060947.18, t-bane 
bla, 59.89607392, 10.80620776, 11.6300001144, 11.0, 172.0, 251.600006104, 1489060948.12, t-bane 
bla, 59.89603994, 10.80606398, 10.3100004196, 11.0, 174.0, 253.0, 1489060949.25, t-bane 
bla, 59.89600057, 10.80586765, 10.0500001907, 11.0, 173.0, 252.600006104, 1489060950.22, t-bane 
bla, 59.89597632, 10.8056764, 10.0500001907, 11.0, 172.0, 257.399993896, 1489060951.11, t-bane 
bla, 59.89595539, 10.80549429, 9.68000030518, 11.0, 174.0, 260.399993896, 1489060952.16, t-bane 
bla, 59.89593046, 10.8053595, 8.27999973297, 11.0, 175.0, 262.899993896, 1489060953.24, t-bane 
bla, 59.89589584, 10.80513339, 9.46000003815, 12.0, 175.0, 258.600006104, 1489060954.22, t-bane 
bla, 59.89587868, 10.80507062, 3.13000011444, 11.0, 175.0, 263.399993896, 1489060956.24, t-bane 
bla, 59.89585298, 10.80498819, 0.40000000596, 5.0, 178.0, 263.399993896, 1489060965.74, t-bane 
bla, 59.89586299, 10.80511927, 2.04999995232, 4.0, 178.0, 95.0, 1489060977.25, aktivitet 
bla, 59.895894, 10.80517984, 0.97000002861, 4.0, 177.0, 54.7999992371, 1489060980.24, aktivitet 
bla, 59.89590409, 10.8052632, 1.30999994278, 3.0, 179.0, 82.5, 1489060984.23, aktivitet 
bla, 59.89591522, 10.80533181, 1.16999995708, 4.0, 178.0, 80.0999984741, 1489060987.23, aktivitet 
bla, 59.8959247, 10.80540452, 1.28999996185, 3.0, 181.0, 93.0999984741, 1489060991.32, aktivitet 
bla, 59.89593478, 10.80548039, 1.05999994278, 3.0, 182.0, 88.0, 1489060995.36, aktivitet 
bla, 59.89594173, 10.80557105, 1.19000005722, 3.0, 182.0, 103.099998474, 1489060999.14, aktivitet 
bla, 59.8958991, 10.80559039, 1.11000001431, 3.0, 181.0, 169.199996948, 1489061002.13, aktivitet 
bla, 59.89586435, 10.80562481, 1.30999994278, 4.0, 181.0, 147.399993896, 1489061005.26, aktivitet 
bla, 59.89582975, 10.80565785, 1.12999999523, 5.0, 181.0, 158.600006104, 1489061008.19, aktivitet 
bla, 59.89577547, 10.80563635, 1.32000005245, 4.0, 179.0, 178.600006104, 1489061011.3, aktivitet 
bla, 59.89572915, 10.80562151, 1.39999997616, 3.0, 176.0, 191.800003052, 1489061013.22, aktivitet 
bla, 59.89569162, 10.80557887, 1.34000003338, 4.0, 177.0, 227.399993896, 1489061016.16, aktivitet 
bla, 59.89567496, 10.80548691, 2.8900001049, 3.0, 176.0, 259.700012207, 1489061018.3, aktivitet 
bla, 59.8956533, 10.80538575, 3.03999996185, 4.0, 177.0, 246.199996948, 1489061020.24, aktivitet 
bla, 59.89562685, 10.80526699, 3.31999993324, 3.0, 176.0, 240.0, 1489061022.14, aktivitet 
bla, 59.89558264, 10.80516511, 3.76999998093, 4.0, 175.0, 225.699996948, 1489061024.12, aktivitet 
bla, 59.89552033, 10.80510009, 3.78999996185, 5.0, 175.0, 214.100006104, 1489061026.12, aktivitet 
bla, 59.8954778, 10.80510515, 3.63000011444, 4.0, 176.0, 199.100006104, 1489061027.18, aktivitet 
bla, 59.89541424, 10.80509118, 3.74000000954, 4.0, 175.0, 193.800003052, 1489061029.21, aktivitet 
bla, 59.89535733, 10.80504307, 3.47000002861, 4.0, 175.0, 208.600006104, 1489061031.24, aktivitet 
bla, 59.89530158, 10.80497694, 3.52999997139, 4.0, 175.0, 212.300003052, 1489061033.14, aktivitet 
bla, 59.89523463, 10.80497651, 3.32999992371, 4.0, 175.0, 186.100006104, 1489061035.2, aktivitet 
bla, 59.89517282, 10.80500519, 3.33999991417, 6.0, 176.0, 173.199996948, 1489061037.16, aktivitet 
bla, 59.89502175, 10.80522685, 4.34000015259, 10.0, 176.0, 147.699996948, 1489061042.2, aktivitet 
bla, 59.89498126, 10.80526911, 3.27999997139, 8.0, 175.0, 153.0, 1489061044.19, aktivitet 
bla, 59.89492125, 10.80527774, 3.07999992371, 6.0, 175.0, 173.5, 1489061045.13, aktivitet 
bla, 59.8948968, 10.80536274, 1.5, 5.0, 172.0, 158.899993896, 1489061047.15, aktivitet 
bla, 59.89484759, 10.80543199, 2.30999994278, 4.0, 169.0, 130.300003052, 1489061049.17, aktivitet 
bla, 59.89479483, 10.80549809, 2.71000003815, 4.0, 168.0, 138.600006104, 1489061051.31, aktivitet 
bla, 59.89475295, 10.80554056, 2.43000006676, 4.0, 169.0, 157.0, 1489061053.17, aktivitet 
bla, 59.89470546, 10.80559566, 2.11999988556, 5.0, 169.0, 148.199996948, 1489061059.37, aktivitet 
bla, 59.89468765, 10.80566069, 0.870000004768, 5.0, 169.0, 143.399993896, 1489061059.61, aktivitet 
bla, 59.89465009, 10.80570098, 0.34999999404, 5.0, 171.0, 176.899993896, 1489061062.19, aktivitet 
bla, 59.89462395, 10.80577322, 0.889999985695, 5.0, 173.0, 135.199996948, 1489061065.23, aktivitet 
bla, 59.89458053, 10.80573545, 2.13000011444, 5.0, 174.0, 231.399993896, 1489061073.14, aktivitet 
bla, 59.8945344, 10.80571322, 1.49000000954, 7.0, 174.0, 194.300003052, 1489061075.2, aktivitet 
bla, 59.8944991, 10.80577944, 1.07000005245, 7.0, 176.0, 138.300003052, 1489061077.14, aktivitet 
bla, 59.89446069, 10.80580046, 0.0, 5.0, 177.0, 0.0, 1489061079.16, aktivitet 
bla, 59.89444553, 10.80587504, 1.35000002384, 5.0, 179.0, 143.5, 1489061090.14, aktivitet 
bla, 59.89442303, 10.80595105, 1.46000003815, 6.0, 179.0, 120.099998474, 1489061093.12, aktivitet 
bla, 59.89438715, 10.80598698, 1.13999998569, 5.0, 180.0, 144.100006104, 1489061096.14, aktivitet 
bla, 59.89434212, 10.80594397, 0.899999976158, 5.0, 176.0, 252.699996948, 1489061100.19, aktivitet 
bla, 59.89429841, 10.80593034, 0.75, 5.0, 177.0, 231.5, 1489061102.22, aktivitet 
bla, 59.89426093, 10.80588508, 1.30999994278, 5.0, 178.0, 251.399993896, 1489061106.21, aktivitet 
bla, 59.8942323, 10.80579309, 0.810000002384, 4.0, 180.0, 283.5, 1489061110.15, aktivitet 
bla, 59.89424253, 10.80572411, 0.759999990463, 3.0, 179.0, 240.5, 1489061115.25, aktivitet 
bla, 59.89424985, 10.80563673, 0.769999980927, 4.0, 178.0, 244.100006104, 1489061121.17, aktivitet 
bla, 59.89422677, 10.80557572, 0.910000026226, 5.0, 178.0, 244.100006104, 1489061123.11, aktivitet 
bla, 59.89420181, 10.8054998, 1.04999995232, 5.0, 179.0, 241.199996948, 1489061126.17, aktivitet 
bla, 59.89416778, 10.80554235, 0.409999996424, 7.0, 179.0, 244.899993896, 1489061133.11, aktivitet 
bla, 59.89423722, 10.80557429, 0.949999988079, 12.0, 180.0, 244.899993896, 1489061138.31, aktivitet 
bla, 59.89423871, 10.8056487, 0.0, 10.0, 178.0, 0.0, 1489061145.3, aktivitet 
bla, 59.89427122, 10.80568028, 0.0, 9.0, 179.0, 0.0, 1489061150.14, aktivitet 
bla, 59.8942187, 10.80563817, 0.980000019073, 7.0, 175.0, 345.299987793, 1489061172.34, aktivitet 
bla, 59.89421538, 10.8057213, 1.13999998569, 5.0, 174.0, 72.5999984741, 1489061178.19, aktivitet 
bla, 59.89425238, 10.80573372, 1.12999999523, 4.0, 175.0, 61.4000015259, 1489061182.27, aktivitet 
bla, 59.89429148, 10.80575357, 1.25, 4.0, 175.0, 69.9000015259, 1489061185.27, aktivitet 
bla, 59.89431127, 10.80583183, 1.27999997139, 4.0, 177.0, 74.4000015259, 1489061189.26, aktivitet 
bla, 59.89433171, 10.80591011, 0.790000021458, 4.0, 181.0, 72.8000030518, 1489061194.16, aktivitet 
bla, 59.89435723, 10.8059776, 0.910000026226, 4.0, 178.0, 19.6000003815, 1489061201.13, aktivitet 
bla, 59.89439186, 10.80595663, 0.0, 4.0, 186.0, 0.0, 1489061231.17, ro 
bla, 59.8944302, 10.80596426, 0.0, 4.0, 191.0, 0.0, 1489061244.13, ro 
bla, 59.8944659, 10.80598654, 0.0, 5.0, 196.0, 0.0, 1489061251.12, ro 
bla, 59.89449452, 10.80603024, 0.0, 10.0, 200.0, 0.0, 1489061491.19, ro 
bla, 59.89443005, 10.80600115, 0.0, 3.0, 193.0, 0.0, 1489061938.56, ro 
bla, 59.89438867, 10.80596844, 0.0, 4.0, 186.0, 0.0, 1489061941.1, buss 
bla, 59.8942957, 10.80608945, 5.61000013351, 5.0, 184.0, 141.800003052, 1489061973.18, buss 
bla, 59.89424227, 10.8061564, 6.01000022888, 7.0, 185.0, 141.100006104, 1489061974.17, buss 
bla, 59.89421402, 10.80620487, 4.82000017166, 8.0, 185.0, 141.399993896, 1489061975.15, buss 
bla, 59.89417074, 10.80627756, 5.53000020981, 10.0, 185.0, 139.100006104, 1489061976.09, buss 
bla, 59.89413763, 10.80634513, 5.46000003815, 12.0, 185.0, 138.800003052, 1489061977.29, buss 
bla, 59.89408234, 10.80641146, 5.69000005722, 13.0, 185.0, 143.5, 1489061978.28, buss 
bla, 59.89404203, 10.80645966, 5.55999994278, 14.0, 186.0, 149.0, 1489061979.17, buss 
bla, 59.89397338, 10.80653705, 6.32000017166, 16.0, 187.0, 148.199996948, 1489061980.18, buss 
bla, 59.89392686, 10.8065912, 6.19999980927, 19.0, 187.0, 149.300003052, 1489061981.17, buss 
bla, 59.8938638, 10.80667321, 6.38000011444, 22.0, 187.0, 146.899993896, 1489061982.14, buss 
bla, 59.8938187, 10.80675477, 6.30000019073, 23.0, 187.0, 146.800003052, 1489061983.2, buss 
bla, 59.89373082, 10.80685859, 8.05000019073, 23.0, 188.0, 151.5, 1489061984.21, buss 
bla, 59.89364282, 10.80692423, 9.35999965668, 21.0, 188.0, 153.300003052, 1489061985.12, buss 
bla, 59.89356271, 10.80701166, 9.42000007629, 23.0, 188.0, 152.300003052, 1489061986.1, buss 
bla, 59.89348686, 10.80709883, 9.46000003815, 23.0, 189.0, 154.199996948, 1489061987.22, buss 
bla, 59.89343934, 10.80715534, 9.18000030518, 23.0, 188.0, 151.800003052, 1489061988.14, buss 
bla, 59.89333424, 10.80725913, 10.5699996948, 23.0, 188.0, 152.0, 1489061989.18, buss 
bla, 59.8932141, 10.80734555, 10.9300003052, 23.0, 188.0, 154.199996948, 1489061990.13, buss 
bla, 59.89316432, 10.80741792, 10.4799995422, 23.0, 188.0, 155.0, 1489061991.26, buss 
bla, 59.89308258, 10.80747548, 10.4099998474, 25.0, 188.0, 155.800003052, 1489061992.13, buss 
bla, 59.89298941, 10.80752899, 10.6499996185, 25.0, 187.0, 159.300003052, 1489061993.19, buss 
bla, 59.8928226, 10.80766492, 12.4499998093, 25.0, 188.0, 160.100006104, 1489061994.15, buss 
bla, 59.89273144, 10.80775451, 12.2700004578, 28.0, 188.0, 157.800003052, 1489061995.13, buss 
bla, 59.89265826, 10.80783294, 11.3599996567, 29.0, 188.0, 159.5, 1489061996.11, buss 
bla, 59.89254592, 10.80793938, 11.7100000381, 32.0, 187.0, 157.199996948, 1489061997.12, buss 
bla, 59.89248789, 10.80801427, 10.9899997711, 33.0, 187.0, 152.699996948, 1489061998.17, buss 
bla, 59.89240228, 10.80812802, 10.9499998093, 34.0, 187.0, 149.899993896, 1489061999.15, buss 
bla, 59.8922841, 10.80824271, 11.029999733, 37.0, 187.0, 145.100006104, 1489062000.12, buss 
bla, 59.89224794, 10.80834209, 10.3900003433, 40.0, 187.0, 143.699996948, 1489062001.25, buss 
bla, 59.89215957, 10.80844049, 10.4399995804, 46.0, 187.0, 145.399993896, 1489062002.22, buss 
bla, 59.89204283, 10.80853283, 10.6899995804, 51.0, 186.0, 149.600006104, 1489062003.12, buss 
bla, 59.8920026, 10.80862054, 10.720000267, 57.0, 187.0, 148.199996948, 1489062004.24, buss 
bla, 59.8919337, 10.80863923, 10.2399997711, 54.0, 187.0, 151.199996948, 1489062005.15, buss 
bla, 59.89181519, 10.80878302, 10.6800003052, 54.0, 187.0, 150.699996948, 1489062006.12, buss 
bla, 59.89173761, 10.80901674, 9.34000015259, 35.0, 186.0, 144.399993896, 1489062008.2, buss 
bla, 59.891629, 10.8091957, 9.30000019073, 32.0, 187.0, 144.199996948, 1489062009.15, buss 
bla, 59.89151116, 10.809258, 9.61999988556, 31.0, 188.0, 144.5, 1489062010.31, buss 
bla, 59.89145335, 10.80929631, 9.60999965668, 30.0, 188.0, 147.0, 1489062011.2, buss 
bla, 59.89137552, 10.8094267, 10.2399997711, 30.0, 188.0, 141.899993896, 1489062012.14, buss 
bla, 59.89125045, 10.80953605, 10.1899995804, 29.0, 188.0, 143.5, 1489062013.19, buss 
bla, 59.89125469, 10.80963306, 9.18999958038, 29.0, 188.0, 137.399993896, 1489062014.15, buss 
bla, 59.89142531, 10.80948105, 6.86999988556, 20.0, 188.0, 142.0, 1489062015.16, buss 
bla, 59.89133864, 10.8095362, 6.69000005722, 20.0, 187.0, 137.600006104, 1489062016.17, buss 
bla, 59.89123114, 10.80964888, 6.38999986649, 20.0, 186.0, 138.800003052, 1489062017.16, buss 
bla, 59.89117867, 10.80966684, 5.53999996185, 19.0, 187.0, 140.800003052, 1489062018.18, buss 
bla, 59.89109309, 10.80965679, 2.66000008583, 18.0, 187.0, 135.5, 1489062020.16, buss 
bla, 59.89110043, 10.8097368, 1.45000004768, 20.0, 186.0, 135.5, 1489062022.14, buss 
bla, 59.89105289, 10.80975723, 0.97000002861, 20.0, 185.0, 135.5, 1489062023.18, buss 
bla, 59.89097703, 10.80981502, 2.21000003815, 19.0, 185.0, 149.399993896, 1489062024.15, buss 
bla, 59.89102084, 10.8098507, 0.639999985695, 20.0, 185.0, 149.399993896, 1489062025.13, buss 
bla, 59.8909905, 10.8098999, 1.17999994755, 18.0, 185.0, 149.399993896, 1489062030.17, buss 
bla, 59.89090506, 10.80995501, 1.98000001907, 20.0, 183.0, 149.399993896, 1489062032.17, buss 
bla, 59.89085364, 10.81007184, 4.65999984741, 18.0, 183.0, 139.600006104, 1489062034.26, buss 
bla, 59.89079988, 10.8101991, 6.26000022888, 17.0, 182.0, 134.699996948, 1489062035.16, buss 
bla, 59.89078304, 10.81033898, 6.65000009537, 17.0, 180.0, 124.699996948, 1489062036.15, buss 
bla, 59.89073393, 10.81046323, 7.82000017166, 17.0, 180.0, 122.300003052, 1489062037.2, buss 
bla, 59.8906738, 10.81059574, 8.07999992371, 16.0, 180.0, 130.899993896, 1489062038.19, buss 
bla, 59.8906082, 10.8107563, 8.88000011444, 17.0, 180.0, 127.599998474, 1489062042.77, buss 
bla, 59.89056743, 10.81087502, 8.85999965668, 19.0, 180.0, 128.100006104, 1489062042.91, buss 
bla, 59.89050478, 10.8110303, 9.64000034332, 21.0, 180.0, 127.5, 1489062042.97, buss 
bla, 59.89042732, 10.81117971, 10.1099996567, 23.0, 180.0, 130.100006104, 1489062043.02, buss 
bla, 59.8903374, 10.81119865, 9.89000034332, 24.0, 181.0, 140.899993896, 1489062043.23, buss 
bla, 59.89023729, 10.81135205, 11.2299995422, 24.0, 180.0, 137.0, 1489062044.25, buss 
bla, 59.89016912, 10.81149644, 11.2600002289, 25.0, 180.0, 136.399993896, 1489062045.34, buss 
bla, 59.89009408, 10.81166101, 12.1599998474, 24.0, 180.0, 136.199996948, 1489062046.17, buss 
bla, 59.88988903, 10.8117715, 12.4600000381, 25.0, 179.0, 143.100006104, 1489062047.25, buss 
bla, 59.88983507, 10.81193273, 11.3999996185, 24.0, 178.0, 138.100006104, 1489062048.17, buss 
bla, 59.88973929, 10.81209371, 11.6000003815, 23.0, 179.0, 140.100006104, 1489062049.13, buss 
bla, 59.88964802, 10.81219904, 11.6800003052, 24.0, 179.0, 141.899993896, 1489062050.23, buss 
bla, 59.88956172, 10.81236661, 12.220000267, 25.0, 179.0, 141.100006104, 1489062051.21, buss 
bla, 59.8895145, 10.81247429, 12.1800003052, 24.0, 180.0, 141.300003052, 1489062052.15, buss 
bla, 59.88932089, 10.81262332, 13.4200000763, 24.0, 179.0, 140.800003052, 1489062053.18, buss 
bla, 59.88925201, 10.81284185, 13.8500003815, 26.0, 177.0, 142.300003052, 1489062054.22, buss 
bla, 59.88914506, 10.81302216, 13.75, 26.0, 178.0, 142.0, 1489062055.1, buss 
bla, 59.88897219, 10.81319627, 14.6400003433, 25.0, 177.0, 143.399993896, 1489062056.21, buss 
bla, 59.88900918, 10.81323278, 13.75, 21.0, 176.0, 142.699996948, 1489062060.54, buss 
bla, 59.88889585, 10.81332394, 13.8699998856, 20.0, 175.0, 145.600006104, 1489062060.58, buss 
bla, 59.88879319, 10.81346385, 13.8599996567, 22.0, 175.0, 145.600006104, 1489062060.67, buss 
bla, 59.88865593, 10.8135884, 14.6899995804, 20.0, 174.0, 148.0, 1489062060.73, buss 
bla, 59.88850436, 10.8137624, 15.1000003815, 19.0, 174.0, 148.5, 1489062061.2, buss 
bla, 59.88838594, 10.81388382, 14.0, 15.0, 175.0, 150.800003052, 1489062063.11, buss 
bla, 59.88836265, 10.81403877, 10.6400003433, 14.0, 174.0, 142.800003052, 1489062064.23, buss 
bla, 59.88832027, 10.81402706, 9.96000003815, 14.0, 174.0, 150.399993896, 1489062065.19, buss 
bla, 59.88823511, 10.81411656, 10.2700004578, 15.0, 173.0, 151.699996948, 1489062066.12, buss 
bla, 59.88816981, 10.81414484, 8.97000026703, 15.0, 174.0, 154.699996948, 1489062067.12, buss 
bla, 59.88809704, 10.81421064, 8.92000007629, 16.0, 174.0, 154.899993896, 1489062068.17, buss 
bla, 59.88802753, 10.81427921, 8.77000045776, 17.0, 174.0, 154.199996948, 1489062069.13, buss 
bla, 59.88795872, 10.81433643, 8.63000011444, 20.0, 174.0, 154.899993896, 1489062070.25, buss 
bla, 59.88789479, 10.81436415, 8.36999988556, 23.0, 174.0, 157.100006104, 1489062071.19, buss 
bla, 59.88783941, 10.81438155, 7.94000005722, 26.0, 174.0, 159.600006104, 1489062072.12, buss 
bla, 59.88779994, 10.81436807, 6.71000003815, 26.0, 174.0, 169.899993896, 1489062073.23, buss 
bla, 59.88775469, 10.81442059, 6.53000020981, 27.0, 173.0, 166.800003052, 1489062074.17, buss 
bla, 59.88772351, 10.81447459, 6.03000020981, 29.0, 173.0, 161.199996948, 1489062075.14, buss 
bla, 59.88770188, 10.81435262, 3.65000009537, 23.0, 170.0, 179.899993896, 1489062077.23, buss 
bla, 59.88770451, 10.81443759, 2.29999995232, 24.0, 169.0, 179.899993896, 1489062079.1, buss 
bla, 59.88774883, 10.81441784, 0.389999985695, 23.0, 169.0, 179.899993896, 1489062080.28, buss 
bla, 59.88777966, 10.81450743, 0.289999991655, 23.0, 169.0, 179.899993896, 1489062081.19, buss 
bla, 59.88783199, 10.81453382, 0.819999992847, 32.0, 169.0, 179.899993896, 1489062084.21, buss 
bla, 59.88784742, 10.81433229, 2.16000008583, 34.0, 168.0, 179.899993896, 1489062088.25, buss 
bla, 59.88780419, 10.81433602, 2.82999992371, 31.0, 168.0, 179.899993896, 1489062089.15, buss 
bla, 59.88775292, 10.81445796, 1.71000003815, 26.0, 168.0, 179.899993896, 1489062091.21, buss 
bla, 59.88774218, 10.81469074, 2.68000006676, 27.0, 169.0, 179.899993896, 1489062092.16, buss 
bla, 59.88767924, 10.81486316, 4.32000017166, 32.0, 169.0, 134.300003052, 1489062094.27, buss 
bla, 59.88760848, 10.81493415, 5.34999990463, 35.0, 169.0, 133.800003052, 1489062095.11, buss 
bla, 59.88734312, 10.81516456, 9.84000015259, 36.0, 170.0, 152.600006104, 1489062097.23, buss 
bla, 59.88726246, 10.81511984, 9.72999954224, 34.0, 169.0, 166.0, 1489062098.15, buss 
bla, 59.88716294, 10.81515171, 9.78999996185, 33.0, 170.0, 169.699996948, 1489062099.14, buss 
bla, 59.88709317, 10.8151435, 9.86999988556, 32.0, 171.0, 170.199996948, 1489062100.21, buss 
bla, 59.88696366, 10.81530955, 10.7100000381, 18.0, 170.0, 174.399993896, 1489062102.22, buss 
bla, 59.88686231, 10.81534809, 10.4499998093, 18.0, 170.0, 172.100006104, 1489062103.29, buss 
bla, 59.88675297, 10.81535574, 10.5100002289, 17.0, 170.0, 171.0, 1489062104.14, buss 
bla, 59.88660513, 10.8154336, 11.4099998474, 15.0, 170.0, 167.600006104, 1489062105.19, buss 
bla, 59.8865356, 10.81544637, 11.5799999237, 16.0, 171.0, 165.300003052, 1489062106.21, buss 
bla, 59.88641135, 10.81552368, 11.9200000763, 18.0, 176.0, 167.399993896, 1489062107.25, buss 
bla, 59.88627962, 10.81561973, 11.4099998474, 20.0, 178.0, 157.800003052, 1489062108.18, buss 
bla, 59.88624062, 10.8157031, 10.7700004578, 20.0, 177.0, 152.800003052, 1489062109.14, buss 
bla, 59.8861632, 10.81576894, 10.6000003815, 22.0, 175.0, 154.199996948, 1489062110.29, buss 
bla, 59.88607672, 10.81583732, 10.3900003433, 24.0, 174.0, 152.0, 1489062111.17, buss 
bla, 59.88602486, 10.81596563, 10.1499996185, 28.0, 175.0, 144.800003052, 1489062112.14, buss 
bla, 59.88590261, 10.81604126, 10.1899995804, 28.0, 173.0, 146.199996948, 1489062113.18, buss 
bla, 59.88578884, 10.81622681, 11.1499996185, 29.0, 173.0, 143.899993896, 1489062114.22, buss 
bla, 59.88568711, 10.816424, 11.8500003815, 32.0, 173.0, 141.399993896, 1489062115.1, buss 
bla, 59.88551329, 10.8167513, 14.0500001907, 33.0, 174.0, 140.0, 1489062116.34, buss 
bla, 59.88534921, 10.81690958, 14.4499998093, 34.0, 172.0, 141.5, 1489062117.22, buss 
bla, 59.88521174, 10.81713784, 15.279999733, 34.0, 172.0, 140.300003052, 1489062118.16, buss 
bla, 59.88511174, 10.81739711, 14.8199996948, 31.0, 174.0, 138.300003052, 1489062119.22, buss 
bla, 59.88498456, 10.81744394, 14.1199998856, 29.0, 171.0, 139.399993896, 1489062120.24, buss 
bla, 59.88488828, 10.81757196, 13.5900001526, 30.0, 172.0, 141.899993896, 1489062121.18, buss 
bla, 59.88480004, 10.81769948, 13.4899997711, 31.0, 172.0, 141.300003052, 1489062122.22, buss 
bla, 59.88472129, 10.81784856, 13.4399995804, 29.0, 171.0, 141.5, 1489062123.26, buss 
bla, 59.88467715, 10.81806916, 13.220000267, 26.0, 173.0, 137.399993896, 1489062124.25, buss 
bla, 59.88456373, 10.81819435, 12.3500003815, 25.0, 172.0, 145.399993896, 1489062125.19, buss 
bla, 59.88447015, 10.81831217, 10.8500003815, 25.0, 172.0, 146.600006104, 1489062126.22, buss 
bla, 59.88440211, 10.81839659, 10.6700000763, 28.0, 170.0, 145.800003052, 1489062127.26, buss 
bla, 59.88432268, 10.81850508, 11.1499996185, 31.0, 169.0, 141.699996948, 1489062128.14, buss 
bla, 59.8842857, 10.8185819, 10.220000267, 31.0, 169.0, 143.399993896, 1489062129.24, buss 
bla, 59.8843171, 10.81865894, 6.17999982834, 28.0, 167.0, 132.100006104, 1489062131.16, buss 
bla, 59.88433376, 10.81876247, 6.44999980927, 24.0, 168.0, 134.0, 1489062132.18, buss 
bla, 59.88419627, 10.8188751, 6.48000001907, 23.0, 166.0, 134.100006104, 1489062133.3, buss 
bla, 59.88418302, 10.81894671, 6.42000007629, 22.0, 167.0, 133.699996948, 1489062134.17, buss 
bla, 59.88404853, 10.81899036, 6.59999990463, 23.0, 166.0, 141.300003052, 1489062135.13, buss 
bla, 59.88401282, 10.81904133, 6.94999980927, 23.0, 166.0, 138.800003052, 1489062136.16, buss 
bla, 59.88414562, 10.81888057, 2.67000007629, 20.0, 162.0, 134.5, 1489062137.22, buss 
bla, 59.88416246, 10.81895428, 1.57000005245, 18.0, 162.0, 140.199996948, 1489062140.26, buss 
bla, 59.88420331, 10.81893311, 0.689999997616, 19.0, 161.0, 140.199996948, 1489062147.24, buss 
bla, 59.88413712, 10.81880296, 0.649999976158, 18.0, 158.0, 140.199996948, 1489062148.16, buss 
bla, 59.88409388, 10.81870755, 0.230000004172, 17.0, 158.0, 140.199996948, 1489062150.24, buss 
bla, 59.88405995, 10.81876785, 2.54999995232, 16.0, 157.0, 130.699996948, 1489062153.22, buss 
bla, 59.88401598, 10.81892551, 4.61000013351, 16.0, 156.0, 140.0, 1489062155.13, buss 
bla, 59.88394613, 10.81902212, 5.51000022888, 16.0, 155.0, 141.199996948, 1489062157.24, buss 
bla, 59.88390131, 10.81905516, 5.36000013351, 17.0, 155.0, 140.699996948, 1489062158.12, buss 
bla, 59.88384187, 10.81914427, 6.67999982834, 19.0, 157.0, 145.800003052, 1489062159.19, buss 
bla, 59.88377645, 10.81929433, 7.23999977112, 19.0, 154.0, 143.100006104, 1489062160.29, buss 
bla, 59.88372249, 10.8194277, 8.18999958038, 17.0, 157.0, 140.899993896, 1489062161.14, buss 
bla, 59.88368024, 10.81952971, 7.86999988556, 16.0, 159.0, 137.699996948, 1489062162.13, buss 
bla, 59.88360412, 10.81966086, 8.34000015259, 15.0, 157.0, 138.199996948, 1489062163.26, buss 
bla, 59.88351969, 10.81981105, 8.81000041962, 15.0, 153.0, 137.300003052, 1489062165.1, buss 
bla, 59.88343785, 10.81995762, 9.64999961853, 16.0, 154.0, 139.5, 1489062166.27, buss 
bla, 59.88337426, 10.82007751, 10.75, 15.0, 151.0, 139.899993896, 1489062167.18, buss 
bla, 59.88333992, 10.82010594, 9.15999984741, 15.0, 154.0, 138.899993896, 1489062168.13, buss 
bla, 59.88325088, 10.8202113, 9.03999996185, 17.0, 151.0, 135.899993896, 1489062169.11, buss 
bla, 59.88318225, 10.82031256, 9.07999992371, 18.0, 153.0, 138.899993896, 1489062170.31, buss 
bla, 59.88311988, 10.82042817, 8.93000030518, 20.0, 152.0, 138.5, 1489062171.16, buss 
bla, 59.88303947, 10.82057519, 10.0100002289, 20.0, 152.0, 133.600006104, 1489062172.14, buss 
bla, 59.88297434, 10.820725, 9.89000034332, 21.0, 152.0, 134.399993896, 1489062173.24, buss 
bla, 59.88293808, 10.82082187, 8.81000041962, 21.0, 152.0, 132.300003052, 1489062174.18, buss 
bla, 59.88289093, 10.82091189, 8.36999988556, 24.0, 153.0, 134.300003052, 1489062175.12, buss 
bla, 59.8828516, 10.82101889, 7.44000005722, 23.0, 152.0, 133.100006104, 1489062176.19, buss 
bla, 59.88280172, 10.82114556, 7.32999992371, 23.0, 152.0, 128.300003052, 1489062177.21, buss 
bla, 59.88271347, 10.82119393, 7.36999988556, 24.0, 151.0, 137.699996948, 1489062178.12, buss 
bla, 59.88265807, 10.82136411, 8.02000045776, 24.0, 150.0, 133.300003052, 1489062179.22, buss 
bla, 59.8825959, 10.82150102, 7.90999984741, 26.0, 149.0, 134.5, 1489062180.25, buss 
bla, 59.88257767, 10.82158316, 7.09999990463, 27.0, 148.0, 135.699996948, 1489062181.12, buss 
bla, 59.88251872, 10.82173483, 7.25, 30.0, 149.0, 135.199996948, 1489062182.19, buss 
bla, 59.88244263, 10.82207376, 8.98999977112, 34.0, 148.0, 125.400001526, 1489062184.15, buss 
bla, 59.88233388, 10.82219582, 10.0100002289, 36.0, 148.0, 131.100006104, 1489062185.12, buss 
bla, 59.88227678, 10.82231851, 9.93000030518, 40.0, 148.0, 131.399993896, 1489062186.18, buss 
bla, 59.88225305, 10.82243725, 9.72000026703, 42.0, 148.0, 130.100006104, 1489062187.17, buss 
bla, 59.88214025, 10.82265906, 11.1899995804, 37.0, 148.0, 130.199996948, 1489062188.13, buss 
bla, 59.88206096, 10.82294742, 12.6199998856, 37.0, 147.0, 126.699996948, 1489062189.25, buss 
bla, 59.88200505, 10.82310556, 12.3599996567, 38.0, 147.0, 128.5, 1489062190.18, buss 
bla, 59.88188861, 10.8232888, 12.1800003052, 36.0, 147.0, 132.300003052, 1489062191.15, buss 
bla, 59.88181258, 10.82342387, 11.5200004578, 36.0, 147.0, 135.300003052, 1489062192.21, buss 
bla, 59.88171816, 10.82360068, 11.2700004578, 37.0, 147.0, 137.0, 1489062193.25, buss 
bla, 59.88164518, 10.82373084, 11.1499996185, 40.0, 146.0, 137.600006104, 1489062194.18, buss 
bla, 59.88160023, 10.8238662, 11.0500001907, 39.0, 147.0, 136.5, 1489062195.17, buss 
bla, 59.88139775, 10.82398102, 10.4600000381, 31.0, 148.0, 138.399993896, 1489062196.18, buss 
bla, 59.88128928, 10.82409234, 10.7700004578, 30.0, 147.0, 141.5, 1489062197.22, buss 
bla, 59.88134374, 10.82404605, 8.72999954224, 31.0, 145.0, 145.899993896, 1489062198.12, buss 
bla, 59.88128074, 10.82413149, 7.94999980927, 32.0, 146.0, 149.899993896, 1489062199.19, buss 
bla, 59.88120455, 10.82421852, 8.01000022888, 33.0, 146.0, 150.5, 1489062200.2, buss 
bla, 59.8811418, 10.82429506, 7.96999979019, 35.0, 146.0, 149.800003052, 1489062201.1, buss 
bla, 59.88107095, 10.82439446, 8.64000034332, 33.0, 146.0, 144.100006104, 1489062202.17, buss 
bla, 59.88105259, 10.82447312, 9.48999977112, 30.0, 146.0, 139.0, 1489062203.19, buss 
bla, 59.88096994, 10.82460793, 9.65999984741, 34.0, 145.0, 143.800003052, 1489062204.19, buss 
bla, 59.8809287, 10.82475225, 9.86999988556, 35.0, 146.0, 139.5, 1489062205.16, buss 
bla, 59.88088533, 10.82482077, 9.43000030518, 35.0, 147.0, 144.899993896, 1489062206.17, buss 
bla, 59.88080933, 10.8249239, 9.47999954224, 33.0, 147.0, 145.0, 1489062207.19, buss 
bla, 59.88072891, 10.82500384, 9.67000007629, 35.0, 147.0, 147.699996948, 1489062208.1, buss 
bla, 59.88067345, 10.82507382, 9.5, 38.0, 147.0, 148.399993896, 1489062209.28, buss 
bla, 59.88074723, 10.82499495, 7.80999994278, 34.0, 147.0, 156.399993896, 1489062210.22, buss 
bla, 59.88065767, 10.82505195, 7.90999984741, 34.0, 147.0, 156.800003052, 1489062211.14, buss 
bla, 59.88059941, 10.825091, 7.82999992371, 34.0, 147.0, 157.0, 1489062212.15, buss 
bla, 59.88053582, 10.82515872, 7.71000003815, 32.0, 146.0, 154.199996948, 1489062213.27, buss 
bla, 59.88043793, 10.82527593, 6.73999977112, 27.0, 148.0, 152.300003052, 1489062214.16, buss 
bla, 59.88039421, 10.82522472, 6.42999982834, 26.0, 148.0, 159.199996948, 1489062215.19, buss 
bla, 59.88042362, 10.82529762, 5.26000022888, 26.0, 148.0, 155.699996948, 1489062216.17, buss 
bla, 59.88036976, 10.82539515, 5.78000020981, 30.0, 148.0, 147.399993896, 1489062217.22, buss 
bla, 59.88039262, 10.82548009, 5.11000013351, 30.0, 147.0, 144.899993896, 1489062218.11, buss 
bla, 59.88043164, 10.82554816, 4.55999994278, 30.0, 147.0, 148.100006104, 1489062219.12, buss 
bla, 59.88039587, 10.82558974, 4.71999979019, 31.0, 146.0, 147.699996948, 1489062220.15, buss 
bla, 59.88032557, 10.82570061, 5.26000022888, 32.0, 146.0, 143.5, 1489062221.11, buss 
bla, 59.88038793, 10.82567808, 1.92999994755, 29.0, 147.0, 143.5, 1489062222.14, buss 
bla, 59.88033707, 10.82565038, 2.47000002861, 32.0, 146.0, 143.5, 1489062224.14, buss 
bla, 59.88039083, 10.8255305, 3.09999990463, 37.0, 148.0, 143.5, 1489062225.16, buss 
bla, 59.88031614, 10.82564974, 2.00999999046, 32.0, 144.0, 143.5, 1489062227.17, buss 
bla, 59.88028572, 10.82572802, 1.29999995232, 34.0, 147.0, 143.5, 1489062229.35, buss 
bla, 59.8803593, 10.82570972, 1.33000004292, 29.0, 148.0, 143.5, 1489062230.21, buss 
bla, 59.88025104, 10.82583353, 3.23000001907, 24.0, 147.0, 143.5, 1489062232.23, buss 
bla, 59.88016043, 10.82596322, 4.67000007629, 22.0, 146.0, 149.899993896, 1489062233.24, buss 
bla, 59.88003186, 10.8260222, 5.84000015259, 23.0, 147.0, 156.300003052, 1489062234.13, buss 
bla, 59.87998306, 10.82610464, 5.59000015259, 22.0, 141.0, 153.100006104, 1489062236.22, buss 
bla, 59.87993332, 10.82612685, 5.42000007629, 20.0, 141.0, 167.300003052, 1489062237.25, buss 
bla, 59.87976065, 10.82625905, 5.75, 17.0, 142.0, 156.699996948, 1489062238.12, buss 
bla, 59.87962681, 10.82630817, 5.57999992371, 15.0, 147.0, 171.699996948, 1489062239.15, buss 
bla, 59.87954504, 10.82634518, 5.07999992371, 11.0, 154.0, 159.800003052, 1489062241.2, buss 
bla, 59.87950492, 10.82634679, 1.87000000477, 11.0, 156.0, 159.800003052, 1489062243.29, buss 
bla, 59.87952846, 10.82628518, 1.03999996185, 3.0, 157.0, 159.800003052, 1489062257.16, sktivitet 
bla, 59.87956287, 10.82624779, 1.21000003815, 3.0, 156.0, 330.399993896, 1489062260.1, sktivitet 
bla, 59.87960504, 10.82621662, 1.08000004292, 3.0, 157.0, 338.700012207, 1489062264.13, sktivitet 
bla, 59.87960504, 10.82621662, 1.08000004292, 3.0, 157.0, 338.700012207, 1489062264.19, Unknown 
bla, 59.8796407, 10.82617508, 1.10000002384, 3.0, 157.0, 332.5, 1489062268.07, sktivitet 
bla, 59.8796407, 10.82617508, 1.10000002384, 3.0, 157.0, 332.5, 1489062268.09, aktivitet 
bla, 59.87967462, 10.82614788, 0.97000002861, 4.0, 157.0, 314.0, 1489062271.35, sktivitet 
bla, 59.87967462, 10.82614788, 0.97000002861, 4.0, 157.0, 314.0, 1489062271.37, aktivitet 
bla, 59.87971739, 10.826112, 1.34000003338, 4.0, 158.0, 345.899993896, 1489062274.17, sktivitet 
bla, 59.87971739, 10.826112, 1.34000003338, 4.0, 158.0, 345.899993896, 1489062274.2, aktivitet 
bla, 59.87976196, 10.82610329, 1.29999995232, 5.0, 157.0, 353.600006104, 1489062279.07, sktivitet 
bla, 59.87976196, 10.82610329, 1.29999995232, 5.0, 157.0, 353.600006104, 1489062279.1, aktivitet 
bla, 59.87979494, 10.82606354, 1.54999995232, 5.0, 158.0, 286.600006104, 1489062284.15, sktivitet 
bla, 59.87979494, 10.82606354, 1.54999995232, 5.0, 158.0, 286.600006104, 1489062284.22, aktivitet 
bla, 59.87979765, 10.82598179, 2.1099998951, 6.0, 157.0, 281.299987793, 1489062286.15, sktivitet 
bla, 59.87979765, 10.82598179, 2.1099998951, 6.0, 157.0, 281.299987793, 1489062286.15, aktivitet 
bla, 59.87981942, 10.82592282, 1.80999994278, 7.0, 157.0, 288.600006104, 1489062288.09, sktivitet 
bla, 59.87981942, 10.82592282, 1.80999994278, 7.0, 157.0, 288.600006104, 1489062288.15, aktivitet 
bla, 59.8798033, 10.82585191, 0.0, 4.0, 157.0, 0.0, 1489062301.32, sktivitet 
bla, 59.8798033, 10.82585191, 0.0, 4.0, 157.0, 0.0, 1489062301.34, aktivitet 
bla, 59.87985824, 10.82583659, 1.25, 4.0, 157.0, 3.79999995232, 1489062307.15, sktivitet 
bla, 59.87985824, 10.82583659, 1.25, 4.0, 157.0, 3.79999995232, 1489062307.18, aktivitet 
bla, 59.87991448, 10.82580897, 1.37000000477, 4.0, 159.0, 341.799987793, 1489062310.13, sktivitet 
bla, 59.87991448, 10.82580897, 1.37000000477, 4.0, 159.0, 341.799987793, 1489062310.14, aktivitet 
bla, 59.87995837, 10.82580194, 1.0, 4.0, 157.0, 342.5, 1489062313.08, sktivitet 
bla, 59.87995837, 10.82580194, 1.0, 4.0, 157.0, 342.5, 1489062313.14, aktivitet 
bla, 59.87999424, 10.82577624, 1.34000003338, 4.0, 155.0, 342.799987793, 1489062315.09, sktivitet 
bla, 59.87999424, 10.82577624, 1.34000003338, 4.0, 155.0, 342.799987793, 1489062315.12, aktivitet 
bla, 59.88004628, 10.82574154, 1.14999997616, 5.0, 153.0, 336.600006104, 1489062318.14, sktivitet 
bla, 59.88004628, 10.82574154, 1.14999997616, 5.0, 153.0, 336.600006104, 1489062318.15, aktivitet 
bla, 59.8800966, 10.82571892, 1.29999995232, 5.0, 156.0, 327.399993896, 1489062321.11, sktivitet 
bla, 59.8800966, 10.82571892, 1.29999995232, 5.0, 156.0, 327.399993896, 1489062321.14, aktivitet 
bla, 59.88012194, 10.82566725, 1.52999997139, 4.0, 156.0, 324.600006104, 1489062322.22, sktivitet 
bla, 59.88012194, 10.82566725, 1.52999997139, 4.0, 156.0, 324.600006104, 1489062322.23, aktivitet 
bla, 59.8801583, 10.82566256, 1.29999995232, 4.0, 158.0, 330.200012207, 1489062324.8, sktivitet 
bla, 59.8801583, 10.82566256, 1.29999995232, 4.0, 158.0, 330.200012207, 1489062324.84, aktivitet 
bla, 59.88018998, 10.82561795, 0.990000009537, 3.0, 157.0, 330.100006104, 1489062327.21, sktivitet 
bla, 59.88018998, 10.82561795, 0.990000009537, 3.0, 157.0, 330.100006104, 1489062327.28, aktivitet 
