ID,LAT,LON,SPEED,ACCURACY,ALTITUDE,HEADING,TIME,ACTIVITY,ACTIVITY2
bla, 59.66216446, 10.77233805, 7.40999984741, 6.0, 147.0, 334.799987793, 1487340661.17, Unknown 
bla, 59.66219848, 10.77229639, 7.30999994278, 5.0, 145.0, 330.700012207, 1487340662.13, Unknown 
bla, 59.66225923, 10.77224424, 7.48000001907, 5.0, 143.0, 334.200012207, 1487340663.13, Unknown 
bla, 59.66232797, 10.77220306, 7.51999998093, 4.0, 143.0, 336.200012207, 1487340664.16, bil 
bla, 59.66239656, 10.77214248, 7.53000020981, 4.0, 142.0, 338.0, 1487340665.11, bil 
bla, 59.66247429, 10.77211574, 7.36999988556, 4.0, 145.0, 341.600006104, 1487340666.15, bil 
bla, 59.66253901, 10.77208633, 7.61000013351, 4.0, 143.0, 344.5, 1487340669.42, bil 
bla, 59.66261544, 10.77204102, 8.35000038147, 3.0, 140.0, 344.399993896, 1487340669.53, bil 
bla, 59.66269963, 10.77200982, 9.44999980927, 4.0, 139.0, 347.799987793, 1487340669.6, bil 
bla, 59.6627794, 10.77194878, 9.64999961853, 4.0, 137.0, 346.399993896, 1487340670.11, bil 
bla, 59.66288535, 10.77192499, 10.7100000381, 4.0, 137.0, 351.200012207, 1487340671.25, bil 
bla, 59.66298829, 10.77190704, 10.2700004578, 4.0, 137.0, 351.600006104, 1487340672.15, bil 
bla, 59.66308575, 10.77187926, 10.1800003052, 4.0, 137.0, 352.299987793, 1487340673.21, bil 
bla, 59.6631706, 10.77187026, 9.64999961853, 3.0, 135.0, 353.399993896, 1487340674.27, bil 
bla, 59.66324639, 10.77185311, 9.17000007629, 3.0, 134.0, 353.399993896, 1487340675.19, bil 
bla, 59.66332837, 10.77183581, 8.63000011444, 3.0, 134.0, 354.799987793, 1487340676.15, bil 
bla, 59.66339365, 10.77183277, 7.96999979019, 3.0, 134.0, 356.299987793, 1487340677.27, bil 
bla, 59.66346336, 10.77183016, 7.36000013351, 3.0, 133.0, 359.0, 1487340678.15, bil 
bla, 59.66351738, 10.77182814, 6.82999992371, 3.0, 133.0, 1.79999995232, 1487340679.17, bil 
bla, 59.66357518, 10.77184093, 6.59000015259, 3.0, 133.0, 4.80000019073, 1487340680.31, bil 
bla, 59.66364369, 10.77186695, 6.86000013351, 3.0, 133.0, 8.39999961853, 1487340681.27, bil 
bla, 59.6637038, 10.77190247, 7.19999980927, 3.0, 133.0, 14.3000001907, 1487340682.23, bil 
bla, 59.6637709, 10.77195031, 7.82000017166, 3.0, 133.0, 19.2999992371, 1487340683.17, bil 
bla, 59.66382918, 10.7720133, 8.23999977112, 3.0, 132.0, 24.2000007629, 1487340684.17, bil 
bla, 59.66389914, 10.77207902, 8.47000026703, 3.0, 133.0, 26.5, 1487340685.15, bil 
bla, 59.66395606, 10.77214617, 8.25, 4.0, 132.0, 26.5, 1487340686.22, bil 
bla, 59.66401977, 10.77219995, 8.06000041962, 3.0, 133.0, 23.8999996185, 1487340687.23, bil 
bla, 59.66408721, 10.77226161, 8.02000045776, 3.0, 133.0, 21.0, 1487340688.27, bil 
bla, 59.66416025, 10.77230714, 7.55000019073, 3.0, 131.0, 19.7000007629, 1487340689.13, bil 
bla, 59.66422179, 10.77233356, 7.30999994278, 3.0, 131.0, 18.8999996185, 1487340690.19, bil 
bla, 59.66428264, 10.77236754, 7.11000013351, 3.0, 131.0, 17.5, 1487340691.22, bil 
bla, 59.66434384, 10.77240554, 6.80999994278, 3.0, 130.0, 16.2999992371, 1487340692.17, bil 
bla, 59.66440268, 10.77243026, 6.32000017166, 3.0, 131.0, 16.5, 1487340693.12, bil 
bla, 59.66444569, 10.77245483, 5.32000017166, 3.0, 130.0, 18.2000007629, 1487340694.25, bil 
bla, 59.6645061, 10.77250707, 3.52999997139, 3.0, 131.0, 20.3999996185, 1487340696.15, bil 
bla, 59.66455003, 10.77253764, 2.76999998093, 4.0, 131.0, 17.7000007629, 1487340698.23, bil 
bla, 59.66458962, 10.77257102, 1.78999996185, 3.0, 132.0, 21.7999992371, 1487340700.17, bil 
bla, 59.66460955, 10.77263796, 3.02999997139, 3.0, 131.0, 40.0999984741, 1487340717.21, bil 
bla, 59.66464472, 10.77270983, 5.34999990463, 3.0, 131.0, 48.7999992371, 1487340718.29, bil 
bla, 59.66467686, 10.77277868, 6.05000019073, 3.0, 131.0, 43.7000007629, 1487340719.26, bil 
bla, 59.66472015, 10.77282703, 5.59999990463, 3.0, 130.0, 26.5, 1487340720.18, bil 
bla, 59.66476128, 10.77283718, 4.84000015259, 3.0, 131.0, 7.0, 1487340721.15, bil 
bla, 59.66480614, 10.77281897, 4.61999988556, 3.0, 131.0, 349.600006104, 1487340722.21, bil 
bla, 59.66483543, 10.77276791, 4.36999988556, 3.0, 131.0, 325.299987793, 1487340723.15, bil 
bla, 59.66486667, 10.77272875, 4.09000015259, 4.0, 130.0, 321.399993896, 1487340724.19, bil 
bla, 59.66487935, 10.77264333, 4.59000015259, 3.0, 131.0, 290.299987793, 1487340725.3, bil 
bla, 59.66488384, 10.77257179, 3.94000005722, 3.0, 131.0, 272.799987793, 1487340726.19, bil 
bla, 59.66486563, 10.7725022, 2.27999997139, 3.0, 129.0, 244.699996948, 1487340728.25, bil 
bla, 59.66484185, 10.77241813, 1.87000000477, 4.0, 129.0, 244.699996948, 1487340731.17, bil 
bla, 59.66482199, 10.77234658, 2.45000004768, 4.0, 128.0, 249.0, 1487340733.13, bil 
bla, 59.66481177, 10.77227423, 2.55999994278, 3.0, 128.0, 256.0, 1487340739.2, bil 
bla, 59.66480316, 10.77218955, 5.28000020981, 3.0, 127.0, 265.700012207, 1487340740.17, bil 
bla, 59.66480286, 10.77204952, 7.36999988556, 4.0, 127.0, 267.5, 1487340741.16, bil 
bla, 59.66480683, 10.77188712, 8.98999977112, 3.0, 127.0, 269.600006104, 1487340742.35, bil 
bla, 59.66481069, 10.77172084, 9.81000041962, 3.0, 127.0, 271.100006104, 1487340743.31, bil 
bla, 59.66481779, 10.771536, 10.3199996948, 3.0, 127.0, 271.700012207, 1487340744.17, bil 
bla, 59.66481964, 10.7713303, 10.8100004196, 3.0, 126.0, 272.200012207, 1487340745.31, bil 
bla, 59.66483015, 10.7711322, 11.1199998856, 3.0, 126.0, 271.799987793, 1487340746.27, bil 
bla, 59.66483601, 10.77093452, 11.3999996185, 3.0, 125.0, 270.399993896, 1487340747.11, bil 
bla, 59.66483243, 10.77072029, 11.7100000381, 3.0, 125.0, 268.200012207, 1487340748.21, bil 
bla, 59.66483126, 10.77050307, 11.9899997711, 3.0, 125.0, 266.600006104, 1487340749.24, bil 
bla, 59.66481893, 10.77027301, 12.220000267, 3.0, 125.0, 265.600006104, 1487340750.14, bil 
bla, 59.66481151, 10.77005088, 12.4499998093, 3.0, 124.0, 264.600006104, 1487340751.32, bil 
bla, 59.66480203, 10.76982249, 12.6899995804, 4.0, 124.0, 264.700012207, 1487340752.2, bil 
bla, 59.66479349, 10.76960034, 12.9200000763, 5.0, 122.0, 265.299987793, 1487340753.18, bil 
bla, 59.66476836, 10.76935742, 13.3999996185, 5.0, 122.0, 262.899993896, 1487340754.18, bil 
bla, 59.66475794, 10.76912536, 13.5600004196, 5.0, 121.0, 263.0, 1487340755.12, bil 
bla, 59.66474335, 10.7688585, 13.8900003433, 4.0, 120.0, 262.0, 1487340756.16, bil 
bla, 59.66470208, 10.76860566, 14.2899999619, 5.0, 119.0, 261.399993896, 1487340757.18, bil 
bla, 59.66465028, 10.76834629, 14.6700000763, 6.0, 119.0, 259.799987793, 1487340758.27, bil 
bla, 59.66462798, 10.76808429, 15.029999733, 6.0, 118.0, 260.700012207, 1487340759.28, bil 
bla, 59.66462454, 10.76783823, 14.8400001526, 4.0, 117.0, 262.200012207, 1487340760.2, bil 
bla, 59.66459705, 10.76755787, 14.9899997711, 4.0, 117.0, 262.399993896, 1487340761.15, bil 
bla, 59.66458024, 10.76729461, 15.0900001526, 4.0, 116.0, 262.600006104, 1487340762.26, bil 
bla, 59.6645693, 10.7670358, 15.0500001907, 5.0, 116.0, 263.299987793, 1487340763.13, bil 
bla, 59.66456425, 10.76676206, 14.9499998093, 5.0, 115.0, 264.700012207, 1487340764.13, bil 
bla, 59.66454957, 10.76647744, 15.1400003433, 5.0, 116.0, 265.899993896, 1487340765.27, bil 
bla, 59.6645833, 10.76623709, 15.2100000381, 4.0, 115.0, 271.700012207, 1487340766.19, bil 
bla, 59.66459238, 10.76598874, 14.9799995422, 4.0, 115.0, 272.299987793, 1487340767.14, bil 
bla, 59.66461646, 10.76571644, 15.1300001144, 4.0, 116.0, 276.299987793, 1487340770.86, bil 
bla, 59.6646554, 10.76544373, 15.1599998474, 4.0, 116.0, 278.5, 1487340770.93, bil 
bla, 59.6646749, 10.76520997, 14.4099998474, 4.0, 117.0, 280.700012207, 1487340771.0, bil 
bla, 59.66469553, 10.76495977, 15.1300001144, 4.0, 115.0, 280.0, 1487340771.22, bil 
bla, 59.66473091, 10.76466669, 15.6000003815, 4.0, 113.0, 279.600006104, 1487340772.28, bil 
bla, 59.66475068, 10.76443075, 14.1099996567, 5.0, 114.0, 278.0, 1487340773.28, bil 
bla, 59.66476674, 10.76414466, 15.529999733, 5.0, 114.0, 278.200012207, 1487340774.16, bil 
bla, 59.66478945, 10.76388492, 15.3199996948, 5.0, 114.0, 279.299987793, 1487340775.3, bil 
bla, 59.66483011, 10.76361488, 15.0799999237, 4.0, 113.0, 281.799987793, 1487340776.19, bil 
bla, 59.66485346, 10.76335654, 14.6300001144, 5.0, 113.0, 280.299987793, 1487340777.14, bil 
bla, 59.66486919, 10.7631043, 14.220000267, 5.0, 113.0, 279.299987793, 1487340778.14, bil 
bla, 59.66487754, 10.76286974, 13.6800003052, 5.0, 114.0, 279.0, 1487340779.26, bil 
bla, 59.66489698, 10.76263131, 12.9899997711, 5.0, 114.0, 279.200012207, 1487340780.12, bil 
bla, 59.66491768, 10.76242256, 12.3199996948, 4.0, 114.0, 276.899993896, 1487340781.3, bil 
bla, 59.66493071, 10.7622188, 11.5500001907, 4.0, 114.0, 274.799987793, 1487340782.28, bil 
bla, 59.66492656, 10.76205043, 10.3100004196, 4.0, 114.0, 270.5, 1487340783.23, bil 
bla, 59.66495626, 10.76188367, 9.31999969482, 4.0, 112.0, 265.399993896, 1487340784.18, bil 
bla, 59.66493727, 10.76173136, 8.19999980927, 3.0, 113.0, 264.600006104, 1487340785.26, bil 
bla, 59.6649165, 10.76159655, 7.46999979019, 3.0, 114.0, 264.799987793, 1487340786.24, bil 
bla, 59.66491377, 10.7614615, 7.23999977112, 3.0, 114.0, 269.399993896, 1487340787.13, bil 
bla, 59.66492467, 10.76133838, 7.03999996185, 3.0, 114.0, 278.299987793, 1487340788.22, bil 
bla, 59.66493354, 10.76122438, 6.69000005722, 3.0, 113.0, 282.799987793, 1487340789.26, bil 
bla, 59.66494195, 10.76112099, 6.63999986649, 3.0, 113.0, 278.200012207, 1487340790.14, bil 
bla, 59.66492282, 10.76101034, 6.61999988556, 3.0, 113.0, 261.299987793, 1487340791.16, bil 
bla, 59.6649051, 10.76088315, 7.19999980927, 4.0, 114.0, 252.0, 1487340792.26, bil 
bla, 59.66485863, 10.76076214, 7.69000005722, 4.0, 113.0, 241.800003052, 1487340793.13, bil 
bla, 59.66482434, 10.76065496, 7.53999996185, 5.0, 113.0, 239.699996948, 1487340794.21, bil 
bla, 59.66478704, 10.76053123, 8.28999996185, 5.0, 113.0, 240.800003052, 1487340795.24, bil 
bla, 59.66476539, 10.76031927, 9.31000041962, 4.0, 115.0, 252.300003052, 1487340796.17, bil 
bla, 59.6647394, 10.76014057, 9.56999969482, 3.0, 114.0, 255.899993896, 1487340797.2, bil 
bla, 59.66472095, 10.7599516, 9.55000019073, 3.0, 113.0, 258.5, 1487340798.2, bil 
bla, 59.66471142, 10.75981959, 9.43999958038, 3.0, 113.0, 259.200012207, 1487340799.23, bil 
bla, 59.66469639, 10.75965342, 9.67000007629, 3.0, 114.0, 258.399993896, 1487340800.13, bil 
bla, 59.66468352, 10.75948727, 9.68000030518, 3.0, 114.0, 256.5, 1487340801.2, bil 
bla, 59.66465744, 10.75931489, 9.90999984741, 3.0, 114.0, 255.899993896, 1487340802.27, bil 
bla, 59.66463396, 10.75916158, 9.96000003815, 4.0, 113.0, 256.399993896, 1487340803.15, bil 
bla, 59.66461778, 10.75896406, 10.0600004196, 3.0, 114.0, 258.799987793, 1487340804.18, bil 
bla, 59.66460193, 10.75878484, 10.1899995804, 4.0, 114.0, 262.799987793, 1487340805.25, bil 
bla, 59.6646012, 10.75860279, 10.4899997711, 3.0, 113.0, 269.299987793, 1487340806.23, bil 
bla, 59.6646076, 10.75842093, 10.5699996948, 4.0, 112.0, 273.600006104, 1487340807.12, bil 
bla, 59.66463122, 10.75821677, 10.9899997711, 3.0, 112.0, 282.100006104, 1487340808.18, bil 
bla, 59.66466359, 10.75801286, 11.1999998093, 3.0, 112.0, 286.700012207, 1487340809.25, bil 
bla, 59.6647073, 10.75782417, 11.529999733, 3.0, 111.0, 288.200012207, 1487340810.13, bil 
bla, 59.66473962, 10.75762405, 11.8100004196, 3.0, 110.0, 286.600006104, 1487340811.22, bil 
bla, 59.66476467, 10.75741216, 12.1000003815, 4.0, 110.0, 284.100006104, 1487340812.25, bil 
bla, 59.66478299, 10.75719839, 12.1899995804, 4.0, 110.0, 280.0, 1487340813.16, bil 
bla, 59.6647919, 10.75698183, 12.2100000381, 4.0, 110.0, 275.899993896, 1487340814.11, bil 
bla, 59.66479134, 10.75678121, 12.1700000763, 4.0, 110.0, 271.899993896, 1487340815.19, bil 
bla, 59.66478702, 10.75656323, 12.1499996185, 4.0, 110.0, 267.899993896, 1487340816.21, bil 
bla, 59.66476351, 10.75634403, 12.1899995804, 4.0, 110.0, 263.600006104, 1487340817.13, bil 
bla, 59.66474564, 10.75614042, 12.029999733, 4.0, 110.0, 260.5, 1487340818.19, bil 
bla, 59.66472149, 10.75593196, 12.1300001144, 4.0, 111.0, 260.700012207, 1487340819.38, bil 
bla, 59.66470145, 10.75570601, 12.1199998856, 4.0, 110.0, 259.100006104, 1487340820.19, bil 
bla, 59.66468966, 10.75558067, 12.1199998856, 4.0, 110.0, 259.200012207, 1487340821.35, bil 
bla, 59.66464202, 10.75527371, 12.2700004578, 4.0, 112.0, 252.199996948, 1487340822.23, bil 
bla, 59.66459565, 10.75507258, 12.2100000381, 4.0, 113.0, 248.399993896, 1487340823.17, bil 
bla, 59.66455105, 10.75487023, 12.2100000381, 4.0, 112.0, 246.899993896, 1487340824.17, bil 
bla, 59.66449366, 10.75467712, 12.279999733, 5.0, 113.0, 242.800003052, 1487340825.19, bil 
bla, 59.66443782, 10.75450528, 11.7700004578, 4.0, 113.0, 237.5, 1487340826.17, bil 
bla, 59.66436606, 10.75436097, 11.6099996567, 4.0, 112.0, 231.5, 1487340827.17, bil 
bla, 59.66430122, 10.75421024, 11.3500003815, 4.0, 112.0, 229.899993896, 1487340829.2, bil 
bla, 59.66421947, 10.75406931, 11.1300001144, 4.0, 112.0, 229.5, 1487340829.28, bil 
bla, 59.66415767, 10.75392879, 10.9399995804, 3.0, 112.0, 229.600006104, 1487340830.13, bil 
bla, 59.6640947, 10.75377714, 11.0600004196, 4.0, 112.0, 229.899993896, 1487340831.31, bil 
bla, 59.66403026, 10.7536252, 10.8900003433, 4.0, 113.0, 230.699996948, 1487340832.29, bil 
bla, 59.66396338, 10.75347735, 10.8000001907, 4.0, 113.0, 231.300003052, 1487340833.13, bil 
bla, 59.66391568, 10.75331833, 10.6300001144, 3.0, 113.0, 233.199996948, 1487340834.17, bil 
bla, 59.6638748, 10.75315856, 10.5200004578, 4.0, 113.0, 235.699996948, 1487340835.29, bil 
bla, 59.66383409, 10.75297891, 10.3900003433, 3.0, 115.0, 240.0, 1487340836.23, bil 
bla, 59.66380769, 10.75282894, 10.2899999619, 3.0, 117.0, 244.899993896, 1487340837.21, bil 
bla, 59.66377327, 10.75266205, 10.2299995422, 3.0, 118.0, 248.600006104, 1487340838.19, bil 
bla, 59.66375233, 10.7524893, 10.1700000763, 3.0, 118.0, 253.0, 1487340839.21, bil 
bla, 59.6637366, 10.75231197, 10.1199998856, 3.0, 120.0, 256.5, 1487340840.19, bil 
bla, 59.66371667, 10.75214563, 9.97999954224, 4.0, 120.0, 257.399993896, 1487340841.14, bil 
bla, 59.66371001, 10.75197681, 9.96000003815, 4.0, 120.0, 260.399993896, 1487340842.17, bil 
bla, 59.66369917, 10.75178697, 10.2399997711, 4.0, 120.0, 260.299987793, 1487340843.28, bil 
bla, 59.66368263, 10.75159868, 10.0500001907, 4.0, 120.0, 259.5, 1487340844.18, bil 
bla, 59.6636756, 10.75141713, 9.89999961853, 4.0, 120.0, 259.799987793, 1487340845.22, bil 
bla, 59.66365414, 10.75124649, 9.81000041962, 4.0, 120.0, 257.799987793, 1487340846.25, bil 
bla, 59.66363922, 10.75107613, 9.85000038147, 3.0, 120.0, 258.399993896, 1487340847.17, bil 
bla, 59.66361503, 10.75091644, 10.1099996567, 4.0, 120.0, 257.899993896, 1487340848.14, bil 
bla, 59.66358916, 10.75073021, 10.0100002289, 4.0, 121.0, 257.100006104, 1487340849.23, bil 
bla, 59.66355164, 10.75056182, 10.0, 4.0, 120.0, 255.899993896, 1487340850.15, bil 
bla, 59.66354329, 10.75039968, 9.97999954224, 4.0, 120.0, 257.0, 1487340851.13, bil 
bla, 59.66353407, 10.75021901, 10.0, 4.0, 120.0, 258.399993896, 1487340852.24, bil 
bla, 59.66350706, 10.75005524, 10.0100002289, 4.0, 119.0, 257.200012207, 1487340853.21, bil 
bla, 59.66348131, 10.74990419, 9.97000026703, 3.0, 120.0, 256.899993896, 1487340854.15, bil 
bla, 59.66345108, 10.74976471, 10.0200004578, 3.0, 118.0, 256.100006104, 1487340855.13, bil 
bla, 59.66343052, 10.7495859, 10.1300001144, 3.0, 119.0, 255.699996948, 1487340856.25, bil 
bla, 59.66340053, 10.74941519, 10.2600002289, 3.0, 118.0, 254.199996948, 1487340857.16, bil 
bla, 59.66337529, 10.74923397, 10.5, 3.0, 119.0, 253.699996948, 1487340858.3, bil 
bla, 59.66333909, 10.74905644, 10.7600002289, 3.0, 118.0, 252.600006104, 1487340859.29, bil 
bla, 59.66330555, 10.74885719, 10.8999996185, 4.0, 119.0, 251.699996948, 1487340860.26, bil 
bla, 59.66325964, 10.7486724, 11.0600004196, 4.0, 118.0, 249.100006104, 1487340861.21, bil 
bla, 59.66321703, 10.74849439, 11.0600004196, 5.0, 118.0, 247.5, 1487340862.27, bil 
bla, 59.6631587, 10.74833822, 10.6999998093, 6.0, 117.0, 244.699996948, 1487340863.21, bil 
bla, 59.66311323, 10.74816521, 10.970000267, 5.0, 117.0, 245.600006104, 1487340864.18, bil 
bla, 59.66308033, 10.74795044, 11.0, 5.0, 118.0, 245.199996948, 1487340865.19, bil 
bla, 59.66302149, 10.74780218, 10.9099998474, 5.0, 118.0, 241.600006104, 1487340866.24, bil 
bla, 59.66296992, 10.74762189, 11.0900001526, 6.0, 117.0, 240.800003052, 1487340867.16, bil 
bla, 59.66292563, 10.74744416, 10.8599996567, 5.0, 118.0, 243.600006104, 1487340868.18, bil 
bla, 59.66290017, 10.74728189, 9.96000003815, 5.0, 118.0, 243.5, 1487340869.26, bil 
bla, 59.66284862, 10.7471435, 9.06999969482, 5.0, 117.0, 243.399993896, 1487340870.24, bil 
bla, 59.66282027, 10.74701372, 8.22999954224, 5.0, 117.0, 245.600006104, 1487340871.2, bil 
bla, 59.66281365, 10.74687999, 7.44000005722, 5.0, 117.0, 249.0, 1487340872.27, bil 
bla, 59.66279542, 10.74679078, 6.69000005722, 4.0, 118.0, 247.899993896, 1487340873.24, bil 
bla, 59.66277868, 10.74665939, 7.11000013351, 3.0, 119.0, 253.800003052, 1487340874.16, bil 
bla, 59.66276271, 10.74656427, 7.42999982834, 3.0, 119.0, 261.799987793, 1487340875.22, bil 
bla, 59.6627717, 10.74642113, 7.34999990463, 3.0, 119.0, 274.200012207, 1487340876.26, bil 
bla, 59.66280324, 10.74630835, 7.36999988556, 9.0, 119.0, 292.899993896, 1487340877.15, bil 
bla, 59.6628503, 10.74620379, 7.59999990463, 9.0, 119.0, 312.0, 1487340878.19, bil 
bla, 59.6629259, 10.74612167, 8.39000034332, 9.0, 119.0, 332.799987793, 1487340879.23, bil 
bla, 59.66301751, 10.74606889, 9.68000030518, 3.0, 118.0, 344.799987793, 1487340880.11, bil 
bla, 59.66312159, 10.74603215, 11.0699996948, 3.0, 118.0, 350.5, 1487340881.15, bil 
bla, 59.66323695, 10.74599727, 12.6400003433, 3.0, 117.0, 352.799987793, 1487340882.17, bil 
bla, 59.66336746, 10.74596429, 14.1099996567, 3.0, 117.0, 353.399993896, 1487340883.25, bil 
bla, 59.66351324, 10.74594823, 15.3599996567, 3.0, 116.0, 353.0, 1487340884.17, bil 
bla, 59.6636634, 10.74590875, 16.3700008392, 3.0, 116.0, 352.899993896, 1487340885.23, bil 
bla, 59.66381218, 10.74587041, 17.1200008392, 3.0, 114.0, 353.100006104, 1487340886.23, bil 
bla, 59.66396568, 10.74583981, 17.6399993896, 3.0, 114.0, 353.299987793, 1487340887.19, bil 
bla, 59.66412566, 10.74580005, 18.0100002289, 4.0, 114.0, 353.600006104, 1487340888.16, bil 
bla, 59.66429526, 10.74576495, 18.3700008392, 4.0, 113.0, 354.299987793, 1487340892.05, bil 
bla, 59.66446764, 10.74574057, 18.7900009155, 3.0, 114.0, 355.399993896, 1487340892.1, bil 
bla, 59.66463694, 10.74572073, 19.2299995422, 3.0, 114.0, 356.5, 1487340892.16, bil 
bla, 59.664831, 10.74569019, 20.3700008392, 3.0, 113.0, 357.700012207, 1487340892.28, bil 
bla, 59.66503376, 10.74568178, 22.0400009155, 3.0, 112.0, 358.200012207, 1487340893.23, bil 
bla, 59.66524358, 10.74565697, 23.5, 3.0, 111.0, 357.200012207, 1487340894.13, bil 
bla, 59.66545942, 10.7456197, 24.8600006104, 3.0, 110.0, 355.799987793, 1487340895.16, bil 
bla, 59.66568854, 10.74558548, 25.4500007629, 3.0, 109.0, 355.700012207, 1487340896.17, bil 
bla, 59.66592477, 10.74555531, 25.4099998474, 3.0, 108.0, 356.5, 1487340897.23, bil 
bla, 59.66614383, 10.74552736, 25.2199993134, 4.0, 108.0, 358.299987793, 1487340898.15, bil 
bla, 59.66636121, 10.74551039, 25.2600002289, 3.0, 107.0, 357.899993896, 1487340899.19, bil 
bla, 59.66659543, 10.74550696, 25.0300006866, 3.0, 107.0, 357.799987793, 1487340900.17, bil 
bla, 59.66682525, 10.7454904, 25.0400009155, 3.0, 105.0, 358.100006104, 1487340901.17, bil 
bla, 59.66704235, 10.74545786, 24.7399997711, 3.0, 104.0, 357.799987793, 1487340902.19, bil 
bla, 59.667252, 10.7454504, 24.75, 3.0, 103.0, 357.200012207, 1487340903.23, bil 
bla, 59.66746358, 10.74540888, 24.7399997711, 3.0, 101.0, 356.600006104, 1487340904.15, bil 
bla, 59.6676856, 10.74538143, 24.6200008392, 3.0, 100.0, 355.799987793, 1487340905.21, bil 
bla, 59.66790124, 10.74533974, 24.5400009155, 3.0, 98.0, 355.5, 1487340906.27, bil 
bla, 59.66811747, 10.74530638, 24.2199993134, 3.0, 98.0, 355.100006104, 1487340907.21, bil 
bla, 59.66833971, 10.74526251, 24.0100002289, 3.0, 97.0, 354.700012207, 1487340908.19, bil 
bla, 59.6685539, 10.74522248, 23.9300003052, 3.0, 96.0, 354.299987793, 1487340909.21, bil 
bla, 59.66877424, 10.74517848, 23.8899993896, 3.0, 96.0, 354.0, 1487340910.25, bil 
bla, 59.66898122, 10.74513902, 24.0100002289, 3.0, 96.0, 353.799987793, 1487340911.15, bil 
bla, 59.66919667, 10.74507921, 24.0900001526, 4.0, 96.0, 352.600006104, 1487340912.25, bil 
bla, 59.6694147, 10.7450455, 24.1800003052, 3.0, 94.0, 352.5, 1487340913.2, bil 
bla, 59.66963459, 10.74498078, 24.2399997711, 3.0, 93.0, 351.700012207, 1487340914.15, bil 
bla, 59.66984377, 10.74493222, 24.4500007629, 3.0, 92.0, 351.700012207, 1487340915.21, bil 
bla, 59.67007883, 10.74486739, 24.6399993896, 3.0, 92.0, 351.299987793, 1487340916.23, bil 
bla, 59.67029833, 10.74478816, 24.8600006104, 3.0, 91.0, 350.700012207, 1487340917.15, bil 
bla, 59.67051611, 10.74471352, 25.0200004578, 3.0, 90.0, 350.100006104, 1487340918.21, bil 
bla, 59.67072695, 10.74462551, 25.1100006104, 3.0, 90.0, 349.399993896, 1487340919.34, bil 
bla, 59.67094389, 10.74454666, 25.1700000763, 3.0, 89.0, 349.100006104, 1487340920.22, bil 
bla, 59.6711704, 10.74445715, 25.2299995422, 3.0, 88.0, 348.700012207, 1487340921.19, bil 
bla, 59.67139817, 10.74436402, 25.2399997711, 3.0, 87.0, 348.100006104, 1487340922.27, bil 
bla, 59.67160937, 10.74427333, 25.3099994659, 3.0, 87.0, 347.600006104, 1487340923.3, bil 
bla, 59.67184165, 10.7441606, 25.4599990845, 4.0, 87.0, 347.299987793, 1487340924.19, bil 
bla, 59.67207113, 10.74407308, 25.5599994659, 3.0, 87.0, 347.200012207, 1487340925.18, bil 
bla, 59.67229843, 10.74398229, 25.7399997711, 3.0, 88.0, 347.399993896, 1487340926.26, bil 
bla, 59.67251598, 10.74388678, 25.5200004578, 3.0, 87.0, 347.100006104, 1487340927.17, bil 
bla, 59.67273474, 10.74377196, 25.2800006866, 3.0, 88.0, 346.899993896, 1487340928.17, bil 
bla, 59.67295919, 10.74367534, 25.0100002289, 3.0, 88.0, 347.0, 1487340929.25, bil 
bla, 59.67317603, 10.74356829, 24.7299995422, 3.0, 89.0, 347.0, 1487340930.17, bil 
bla, 59.67338196, 10.7434806, 24.4799995422, 4.0, 89.0, 347.299987793, 1487340931.15, bil 
bla, 59.67360769, 10.74338576, 23.8799991608, 3.0, 90.0, 347.200012207, 1487340932.26, bil 
bla, 59.67382171, 10.74329334, 24.0599994659, 3.0, 90.0, 347.399993896, 1487340933.17, bil 
bla, 59.67403068, 10.74318382, 24.2399997711, 4.0, 91.0, 345.100006104, 1487340934.13, bil 
bla, 59.67423644, 10.7430954, 23.9200000763, 3.0, 91.0, 347.0, 1487340935.13, bil 
bla, 59.67444813, 10.74300502, 23.7600002289, 3.0, 92.0, 347.0, 1487340936.17, bil 
bla, 59.67466637, 10.74289767, 23.75, 3.0, 92.0, 346.899993896, 1487340937.15, bil 
bla, 59.67487353, 10.74280395, 23.7299995422, 3.0, 93.0, 347.100006104, 1487340938.18, bil 
bla, 59.67508762, 10.74271258, 23.6299991608, 3.0, 93.0, 347.200012207, 1487340939.11, bil 
bla, 59.67529549, 10.74261645, 23.4599990845, 3.0, 94.0, 347.200012207, 1487340940.15, bil 
bla, 59.67550034, 10.74252489, 23.2099990845, 3.0, 94.0, 347.299987793, 1487340941.12, bil 
bla, 59.67570185, 10.74243895, 23.0, 3.0, 95.0, 347.200012207, 1487340942.18, bil 
bla, 59.67589682, 10.74235229, 22.8799991608, 3.0, 95.0, 347.5, 1487340943.15, bil 
bla, 59.67611226, 10.74223873, 24.5300006866, 4.0, 95.0, 345.100006104, 1487340944.14, bil 
bla, 59.67631051, 10.74216691, 22.8299999237, 3.0, 96.0, 348.399993896, 1487340945.36, bil 
bla, 59.67651023, 10.74210446, 22.8799991608, 3.0, 96.0, 349.600006104, 1487340946.25, bil 
bla, 59.67670571, 10.74204746, 22.9599990845, 3.0, 97.0, 350.5, 1487340947.23, bil 
bla, 59.67691687, 10.74200016, 23.0799999237, 3.0, 97.0, 351.5, 1487340948.17, bil 
bla, 59.67712381, 10.74194968, 23.1700000763, 3.0, 97.0, 352.399993896, 1487340949.14, bil 
bla, 59.67733017, 10.74190751, 23.3400001526, 3.0, 98.0, 353.200012207, 1487340950.26, bil 
bla, 59.67753016, 10.7418561, 23.1700000763, 3.0, 98.0, 352.899993896, 1487340951.6, bil 
bla, 59.67774372, 10.74181739, 23.6900005341, 3.0, 98.0, 354.899993896, 1487340952.14, bil 
bla, 59.67795947, 10.74177694, 23.5, 3.0, 98.0, 355.299987793, 1487340953.43, bil 
bla, 59.67817113, 10.7417454, 23.5300006866, 3.0, 98.0, 356.0, 1487340954.5, bil 
bla, 59.67837516, 10.74171769, 23.5100002289, 3.0, 98.0, 356.0, 1487340955.15, bil 
bla, 59.67859274, 10.74169088, 23.3899993896, 3.0, 99.0, 355.799987793, 1487340956.2, bil 
bla, 59.67881041, 10.74166202, 23.4400005341, 3.0, 99.0, 355.299987793, 1487340957.46, bil 
bla, 59.679024, 10.74161045, 23.3500003815, 3.0, 99.0, 354.299987793, 1487340958.54, bil 
bla, 59.67922898, 10.74155874, 23.2299995422, 3.0, 100.0, 353.200012207, 1487340959.25, bil 
bla, 59.67943797, 10.74148768, 23.1800003052, 3.0, 101.0, 351.899993896, 1487340960.33, bil 
bla, 59.67965059, 10.74141762, 23.1599998474, 3.0, 103.0, 351.0, 1487340961.38, bil 
bla, 59.67984719, 10.74135302, 23.2099990845, 3.0, 102.0, 349.100006104, 1487340962.21, bil 
bla, 59.68004196, 10.74127613, 23.0100002289, 4.0, 102.0, 348.399993896, 1487340963.25, bil 
bla, 59.68024388, 10.74119302, 22.3299999237, 4.0, 102.0, 348.700012207, 1487340964.27, bil 
bla, 59.68044253, 10.74108731, 22.5599994659, 4.0, 102.0, 346.299987793, 1487340965.35, bil 
bla, 59.68063308, 10.74097983, 22.5900001526, 4.0, 103.0, 344.100006104, 1487340966.35, bil 
bla, 59.68082479, 10.74087895, 22.5900001526, 4.0, 103.0, 343.799987793, 1487340967.25, bil 
bla, 59.68101978, 10.74075172, 23.0400009155, 4.0, 103.0, 343.100006104, 1487340968.29, bil 
bla, 59.68120648, 10.74061486, 22.8299999237, 4.0, 104.0, 341.700012207, 1487340969.43, bil 
bla, 59.68139992, 10.74047724, 22.7999992371, 4.0, 105.0, 341.0, 1487340970.62, bil 
bla, 59.68158554, 10.74034484, 22.6200008392, 3.0, 107.0, 339.5, 1487340971.25, bil 
bla, 59.68178027, 10.74018465, 22.5799999237, 3.0, 108.0, 338.0, 1487340972.4, bil 
bla, 59.68195946, 10.74003965, 22.5200004578, 4.0, 107.0, 336.600006104, 1487340973.32, bil 
bla, 59.68214461, 10.73988093, 22.4699993134, 4.0, 106.0, 335.899993896, 1487340974.23, bil 
bla, 59.68232709, 10.73972545, 22.4099998474, 4.0, 105.0, 335.700012207, 1487340975.28, bil 
bla, 59.68250957, 10.73957228, 22.4400005341, 3.0, 104.0, 335.799987793, 1487340976.27, bil 
bla, 59.68269675, 10.73940908, 22.3999996185, 3.0, 105.0, 336.299987793, 1487340977.21, bil 
bla, 59.68288138, 10.73925071, 22.4599990845, 3.0, 104.0, 336.5, 1487340978.26, bil 
bla, 59.68305571, 10.73910103, 22.4500007629, 3.0, 103.0, 336.799987793, 1487340979.27, bil 
bla, 59.68324695, 10.7389423, 22.4300003052, 3.0, 103.0, 337.5, 1487340980.26, bil 
bla, 59.68343272, 10.73879803, 22.3600006104, 3.0, 102.0, 339.0, 1487340981.24, bil 
bla, 59.68361878, 10.73866525, 22.3400001526, 3.0, 101.0, 339.5, 1487340982.49, bil 
bla, 59.68379839, 10.73853178, 22.3099994659, 3.0, 100.0, 340.100006104, 1487340983.19, bil 
bla, 59.68398472, 10.73839786, 22.25, 3.0, 99.0, 340.799987793, 1487340984.3, bil 
bla, 59.68418183, 10.73826079, 22.2099990845, 3.0, 98.0, 341.799987793, 1487340985.32, bil 
bla, 59.68437103, 10.73814109, 22.2000007629, 3.0, 97.0, 342.700012207, 1487340986.33, bil 
bla, 59.68455708, 10.73802874, 22.1499996185, 3.0, 96.0, 343.899993896, 1487340987.19, bil 
bla, 59.68475901, 10.73792703, 22.1000003815, 3.0, 96.0, 345.200012207, 1487340988.32, bil 
bla, 59.68495131, 10.73782788, 22.0200004578, 3.0, 96.0, 345.799987793, 1487340989.34, bil 
bla, 59.68514399, 10.73773761, 21.9799995422, 3.0, 95.0, 346.100006104, 1487340990.21, bil 
bla, 59.68532816, 10.73765556, 21.9899997711, 3.0, 95.0, 346.700012207, 1487340991.19, bil 
bla, 59.68552505, 10.73756605, 22.0300006866, 3.0, 95.0, 347.399993896, 1487340992.14, bil 
bla, 59.68572537, 10.73748378, 22.1800003052, 3.0, 94.0, 347.799987793, 1487340993.34, bil 
bla, 59.6859216, 10.73739142, 22.3600006104, 3.0, 93.0, 347.899993896, 1487340994.21, bil 
bla, 59.68611645, 10.73730361, 22.4799995422, 3.0, 94.0, 347.5, 1487340995.48, bil 
bla, 59.68632347, 10.73721485, 22.6599998474, 3.0, 93.0, 347.0, 1487340996.34, bil 
bla, 59.68651714, 10.73711243, 22.7700004578, 3.0, 93.0, 346.0, 1487340997.33, bil 
bla, 59.68671448, 10.73700148, 22.9400005341, 3.0, 92.0, 345.200012207, 1487340998.2, bil 
bla, 59.68690401, 10.73688772, 23.0400009155, 3.0, 92.0, 344.600006104, 1487340999.33, bil 
bla, 59.68710383, 10.73677381, 23.1399993896, 3.0, 92.0, 344.0, 1487341000.31, bil 
bla, 59.68731379, 10.73665233, 23.2399997711, 3.0, 91.0, 343.5, 1487341001.21, bil 
bla, 59.68751558, 10.73652336, 23.3899993896, 3.0, 91.0, 342.600006104, 1487341002.21, bil 
bla, 59.68770532, 10.73639827, 23.3099994659, 4.0, 91.0, 341.799987793, 1487341003.31, bil 
bla, 59.68789782, 10.73624322, 22.7700004578, 4.0, 91.0, 339.399993896, 1487341004.29, bil 
bla, 59.68810903, 10.73610482, 23.8899993896, 4.0, 90.0, 340.299987793, 1487341005.21, bil 
bla, 59.68832784, 10.73596217, 24.7099990845, 4.0, 90.0, 340.399993896, 1487341006.23, bil 
bla, 59.68851999, 10.73581455, 24.2999992371, 4.0, 91.0, 339.5, 1487341007.34, bil 
bla, 59.68872686, 10.73565552, 24.1200008392, 3.0, 90.0, 339.0, 1487341008.23, bil 
bla, 59.68892622, 10.73550053, 24.1399993896, 3.0, 88.0, 339.0, 1487341009.22, bil 
bla, 59.68911886, 10.73538223, 24.25, 3.0, 87.0, 338.600006104, 1487341010.13, bil 
bla, 59.68929206, 10.73523528, 23.0100002289, 4.0, 87.0, 337.799987793, 1487341011.14, bil 
bla, 59.6894973, 10.73506367, 23.2199993134, 4.0, 87.0, 337.799987793, 1487341012.15, bil 
bla, 59.68970351, 10.73490376, 24.1100006104, 4.0, 84.0, 337.399993896, 1487341013.15, bil 
bla, 59.68990453, 10.73475311, 24.3600006104, 4.0, 82.0, 338.100006104, 1487341014.29, bil 
bla, 59.69010684, 10.73460183, 24.0300006866, 3.0, 81.0, 339.600006104, 1487341015.17, bil 
bla, 59.69031118, 10.73445586, 24.0200004578, 4.0, 81.0, 340.5, 1487341016.22, bil 
bla, 59.69052847, 10.73433989, 24.0699996948, 3.0, 81.0, 342.5, 1487341017.32, bil 
bla, 59.69074301, 10.73420945, 23.9699993134, 3.0, 82.0, 344.299987793, 1487341018.25, bil 
bla, 59.69093972, 10.73410946, 23.7999992371, 3.0, 80.0, 345.399993896, 1487341019.22, bil 
bla, 59.69115151, 10.73400189, 23.6900005341, 3.0, 79.0, 346.600006104, 1487341020.21, bil 
bla, 59.69134789, 10.73389258, 23.6000003815, 3.0, 77.0, 347.700012207, 1487341021.36, bil 
bla, 59.69155594, 10.73379975, 23.4099998474, 3.0, 76.0, 349.0, 1487341022.14, bil 
bla, 59.69175532, 10.73373115, 23.2000007629, 3.0, 75.0, 350.100006104, 1487341023.23, bil 
bla, 59.69196689, 10.73367624, 22.9099998474, 3.0, 74.0, 351.0, 1487341024.22, bil 
bla, 59.692174, 10.73361604, 22.6700000763, 3.0, 74.0, 351.700012207, 1487341025.33, bil 
bla, 59.69238501, 10.7335623, 22.7399997711, 3.0, 74.0, 352.600006104, 1487341026.13, bil 
bla, 59.69257839, 10.7335119, 22.8500003815, 4.0, 75.0, 352.899993896, 1487341027.33, bil 
bla, 59.69278033, 10.73349363, 23.0, 3.0, 74.0, 355.0, 1487341028.28, bil 
bla, 59.69298852, 10.73347652, 23.1900005341, 3.0, 74.0, 358.100006104, 1487341029.19, bil 
bla, 59.6932013, 10.73350865, 23.7299995422, 3.0, 74.0, 1.29999995232, 1487341030.28, bil 
bla, 59.69341808, 10.73354679, 24.7800006866, 3.0, 74.0, 5.09999990463, 1487341031.35, bil 
bla, 59.69363411, 10.73363289, 25.5200004578, 3.0, 73.0, 9.60000038147, 1487341032.26, bil 
bla, 59.69385864, 10.73373356, 25.7399997711, 3.0, 73.0, 13.0, 1487341033.22, bil 
bla, 59.69408531, 10.73386115, 25.3500003815, 3.0, 73.0, 16.2999992371, 1487341034.27, bil 
bla, 59.69429329, 10.73402099, 24.8199996948, 3.0, 74.0, 19.2000007629, 1487341035.25, bil 
bla, 59.69450952, 10.73418164, 24.5799999237, 3.0, 76.0, 21.6000003815, 1487341036.37, bil 
bla, 59.69471115, 10.73436, 24.5599994659, 3.0, 78.0, 23.5, 1487341037.29, bil 
bla, 59.69491438, 10.73454829, 24.75, 3.0, 79.0, 24.8999996185, 1487341038.3, bil 
bla, 59.69510705, 10.73474181, 24.75, 4.0, 80.0, 26.2000007629, 1487341039.35, bil 
bla, 59.6952999, 10.73493709, 24.8600006104, 5.0, 80.0, 26.2999992371, 1487341040.21, bil 
bla, 59.69551813, 10.73512927, 25.3099994659, 6.0, 80.0, 25.6000003815, 1487341041.35, bil 
bla, 59.69572009, 10.73530415, 24.9400005341, 8.0, 81.0, 24.5, 1487341042.19, bil 
bla, 59.69593077, 10.73548673, 25.5900001526, 8.0, 80.0, 24.2000007629, 1487341043.21, bil 
bla, 59.69615297, 10.73568745, 25.9500007629, 7.0, 80.0, 22.7000007629, 1487341044.27, bil 
bla, 59.69637748, 10.73584307, 25.6399993896, 8.0, 81.0, 21.6000003815, 1487341045.31, bil 
bla, 59.69659762, 10.73597032, 25.6399993896, 8.0, 82.0, 19.7999992371, 1487341046.19, bil 
bla, 59.69683789, 10.73603167, 25.9699993134, 9.0, 83.0, 17.2000007629, 1487341047.26, bil 
bla, 59.69705907, 10.73616061, 25.8500003815, 9.0, 83.0, 16.8999996185, 1487341048.25, bil 
bla, 59.69728459, 10.73629318, 25.6499996185, 8.0, 84.0, 16.2000007629, 1487341049.31, bil 
bla, 59.69749937, 10.73641529, 25.6599998474, 7.0, 84.0, 14.8999996185, 1487341050.25, bil 
bla, 59.69772416, 10.73642026, 25.5200004578, 7.0, 87.0, 12.0, 1487341051.2, bil 
bla, 59.69796327, 10.7364184, 25.5400009155, 7.0, 85.0, 8.60000038147, 1487341052.34, bil 
bla, 59.69819332, 10.73649166, 25.7399997711, 7.0, 87.0, 8.30000019073, 1487341053.22, bil 
bla, 59.69841561, 10.73654668, 25.8600006104, 5.0, 86.0, 6.69999980927, 1487341054.24, bil 
bla, 59.69862444, 10.73664393, 25.8199996948, 5.0, 83.0, 5.69999980927, 1487341055.32, bil 
bla, 59.69885997, 10.73669619, 25.9400005341, 4.0, 83.0, 4.80000019073, 1487341056.25, bil 
bla, 59.69908627, 10.73677839, 26.1399993896, 4.0, 81.0, 4.69999980927, 1487341057.26, bil 
bla, 59.69933066, 10.73680869, 26.6100006104, 3.0, 79.0, 3.90000009537, 1487341058.24, bil 
bla, 59.69955344, 10.73687894, 26.6700000763, 3.0, 78.0, 4.5, 1487341059.25, bil 
bla, 59.69981783, 10.73690458, 26.8600006104, 3.0, 78.0, 5.0, 1487341060.19, bil 
bla, 59.70006144, 10.73695166, 26.8700008392, 3.0, 78.0, 6.19999980927, 1487341061.29, bil 
bla, 59.70030345, 10.7370222, 26.9099998474, 3.0, 78.0, 7.40000009537, 1487341062.24, bil 
bla, 59.70053914, 10.73707864, 26.8799991608, 3.0, 77.0, 8.19999980927, 1487341063.29, bil 
bla, 59.70077715, 10.73715383, 26.8799991608, 3.0, 76.0, 8.80000019073, 1487341064.19, bil 
bla, 59.70101756, 10.73722515, 26.7900009155, 3.0, 75.0, 8.89999961853, 1487341065.33, bil 
bla, 59.70126052, 10.73729787, 27.4099998474, 3.0, 74.0, 8.5, 1487341066.2, bil 
bla, 59.70148417, 10.7373705, 26.6000003815, 4.0, 74.0, 8.69999980927, 1487341067.24, bil 
bla, 59.70172505, 10.73742656, 26.3299999237, 4.0, 73.0, 7.59999990463, 1487341068.28, bil 
bla, 59.70195963, 10.73749168, 26.3999996185, 4.0, 73.0, 7.59999990463, 1487341069.26, bil 
bla, 59.70220004, 10.73755388, 26.2600002289, 4.0, 72.0, 7.0, 1487341070.26, bil 
bla, 59.70242745, 10.7376109, 26.1700000763, 3.0, 72.0, 6.40000009537, 1487341071.26, bil 
bla, 59.7026657, 10.73767643, 26.2600002289, 3.0, 72.0, 6.0, 1487341072.3, bil 
bla, 59.70291697, 10.73772336, 26.3799991608, 3.0, 72.0, 5.69999980927, 1487341073.22, bil 
bla, 59.70315282, 10.73777833, 26.3500003815, 4.0, 71.0, 5.30000019073, 1487341074.32, bil 
bla, 59.70337085, 10.73780144, 26.5499992371, 3.0, 72.0, 4.90000009537, 1487341075.26, bil 
bla, 59.70360887, 10.73783799, 26.5400009155, 4.0, 73.0, 5.19999980927, 1487341076.32, bil 
bla, 59.70384644, 10.73786464, 26.6399993896, 3.0, 71.0, 3.90000009537, 1487341077.22, bil 
bla, 59.70408437, 10.73789866, 26.7099990845, 3.0, 70.0, 3.40000009537, 1487341078.26, bil 
bla, 59.70431645, 10.73791961, 26.75, 3.0, 70.0, 3.09999990463, 1487341079.36, bil 
bla, 59.70456399, 10.73793446, 26.8199996948, 3.0, 69.0, 2.70000004768, 1487341080.32, bil 
bla, 59.70482306, 10.7379635, 26.7800006866, 3.0, 68.0, 2.20000004768, 1487341081.2, bil 
bla, 59.70506877, 10.73797569, 26.8799991608, 3.0, 67.0, 1.5, 1487341082.26, bil 
bla, 59.70529927, 10.7379824, 26.8099994659, 3.0, 67.0, 1.0, 1487341083.28, bil 
bla, 59.70554259, 10.73798965, 26.7099990845, 3.0, 66.0, 0.5, 1487341084.32, bil 
bla, 59.70578715, 10.73799782, 26.7000007629, 3.0, 65.0, 0.40000000596, 1487341085.24, bil 
bla, 59.7060301, 10.73799113, 26.6900005341, 3.0, 65.0, 359.899993896, 1487341086.28, bil 
bla, 59.70626606, 10.73799506, 26.5900001526, 3.0, 63.0, 359.600006104, 1487341087.28, bil 
bla, 59.7065041, 10.73798784, 26.5699996948, 3.0, 63.0, 359.299987793, 1487341088.22, bil 
bla, 59.70674682, 10.73797821, 26.5200004578, 3.0, 63.0, 358.5, 1487341089.22, bil 
bla, 59.70698589, 10.73796067, 26.4400005341, 3.0, 62.0, 357.399993896, 1487341090.26, bil 
bla, 59.70722044, 10.73792835, 26.5699996948, 3.0, 61.0, 356.600006104, 1487341091.18, bil 
bla, 59.70745985, 10.73790617, 26.2700004578, 3.0, 61.0, 357.5, 1487341092.28, bil 
bla, 59.70770283, 10.73788638, 26.3600006104, 3.0, 60.0, 357.700012207, 1487341093.28, bil 
bla, 59.70793975, 10.73787872, 26.3299999237, 3.0, 60.0, 358.700012207, 1487341094.24, bil 
bla, 59.70816502, 10.73787341, 26.2999992371, 3.0, 60.0, 359.399993896, 1487341095.22, bil 
bla, 59.7084027, 10.73787997, 26.25, 3.0, 60.0, 0.0, 1487341096.26, bil 
bla, 59.70864004, 10.73787383, 26.2000007629, 3.0, 60.0, 0.600000023842, 1487341097.18, bil 
bla, 59.70887508, 10.73788825, 26.1700000763, 3.0, 60.0, 1.89999997616, 1487341098.16, bil 
bla, 59.70910338, 10.73792309, 26.1499996185, 3.0, 60.0, 3.40000009537, 1487341099.3, bil 
bla, 59.70935471, 10.73797526, 26.0499992371, 3.0, 59.0, 5.5, 1487341100.26, bil 
bla, 59.70958354, 10.73803249, 26.0699996948, 3.0, 60.0, 7.40000009537, 1487341101.3, bil 
bla, 59.70981364, 10.73810548, 26.0400009155, 3.0, 60.0, 8.60000038147, 1487341102.3, bil 
bla, 59.71003556, 10.73819606, 26.0599994659, 3.0, 60.0, 9.19999980927, 1487341103.22, bil 
bla, 59.71026464, 10.73827347, 25.8500003815, 4.0, 61.0, 9.10000038147, 1487341104.28, bil 
bla, 59.71049996, 10.73838125, 25.9400005341, 3.0, 61.0, 11.5, 1487341105.22, bil 
bla, 59.71072975, 10.73847494, 26.2600002289, 4.0, 61.0, 11.5, 1487341106.32, bil 
bla, 59.71095335, 10.73856522, 26.2600002289, 6.0, 61.0, 11.5, 1487341107.22, bil 
bla, 59.73961093, 10.77764574, 25.2000007629, 21.0, 96.0, 40.2999992371, 1487341262.44, bil 
bla, 59.73976961, 10.77795266, 24.7999992371, 10.0, 94.0, 39.7000007629, 1487341262.69, bil 
bla, 59.73993811, 10.77824992, 25.0200004578, 6.0, 95.0, 41.2999992371, 1487341263.24, bil 
bla, 59.74009806, 10.77853045, 25.1100006104, 4.0, 94.0, 41.2000007629, 1487341264.16, bil 
bla, 59.74027767, 10.7788321, 25.1700000763, 4.0, 94.0, 40.7000007629, 1487341265.2, bil 
bla, 59.74046473, 10.77911501, 25.1800003052, 3.0, 91.0, 40.0, 1487341266.32, bil 
bla, 59.74064021, 10.77936471, 25.3799991608, 3.0, 91.0, 37.7999992371, 1487341267.25, bil 
bla, 59.74082769, 10.77962632, 25.0400009155, 3.0, 92.0, 38.0, 1487341268.25, bil 
bla, 59.74099637, 10.77989776, 25.0599994659, 4.0, 90.0, 37.2999992371, 1487341269.21, bil 
bla, 59.74118039, 10.78015932, 25.2900009155, 3.0, 90.0, 34.7999992371, 1487341270.4, bil 
bla, 59.74136728, 10.78040632, 25.2800006866, 4.0, 90.0, 32.9000015259, 1487341271.59, bil 
bla, 59.74154947, 10.78062851, 24.8600006104, 4.0, 90.0, 32.0, 1487341272.24, bil 
bla, 59.74174481, 10.78087436, 25.0, 4.0, 88.0, 30.2000007629, 1487341273.32, bil 
bla, 59.74194932, 10.78107169, 25.0, 5.0, 88.0, 28.2000007629, 1487341274.33, bil 
bla, 59.74214772, 10.78125658, 25.2099990845, 4.0, 89.0, 25.7999992371, 1487341275.23, bil 
bla, 59.74238758, 10.78141428, 25.6900005341, 4.0, 88.0, 22.6000003815, 1487341276.42, bil 
bla, 59.7426056, 10.78159039, 25.5900001526, 4.0, 87.0, 20.6000003815, 1487341277.14, bil 
bla, 59.74282731, 10.78172896, 26.2399997711, 4.0, 87.0, 17.7000007629, 1487341278.28, bil 
bla, 59.7430384, 10.78185763, 25.5400009155, 4.0, 87.0, 16.7000007629, 1487341279.19, bil 
bla, 59.74326525, 10.78197919, 25.8899993896, 4.0, 87.0, 15.1000003815, 1487341280.26, bil 
bla, 59.74349438, 10.78209806, 25.8799991608, 4.0, 87.0, 14.0, 1487341281.19, bil 
bla, 59.7437246, 10.78221474, 26.0599994659, 4.0, 87.0, 13.6000003815, 1487341282.3, bil 
bla, 59.74395553, 10.7823172, 26.25, 4.0, 87.0, 12.6999998093, 1487341283.36, bil 
bla, 59.74418566, 10.78239481, 25.8700008392, 3.0, 86.0, 11.3000001907, 1487341284.16, bil 
bla, 59.74440967, 10.78246728, 26.1299991608, 4.0, 86.0, 10.1000003815, 1487341285.25, bil 
bla, 59.74463269, 10.78251803, 26.1000003815, 4.0, 84.0, 9.5, 1487341286.37, bil 
bla, 59.74485851, 10.78257247, 26.2099990845, 3.0, 85.0, 9.5, 1487341287.35, bil 
bla, 59.74509749, 10.78265617, 26.3500003815, 3.0, 84.0, 9.19999980927, 1487341288.2, bil 
bla, 59.74534014, 10.7827389, 26.5300006866, 3.0, 83.0, 8.89999961853, 1487341289.26, bil 
bla, 59.74558066, 10.78283135, 26.6200008392, 3.0, 84.0, 8.89999961853, 1487341290.17, bil 
bla, 59.74581133, 10.78290458, 26.6800003052, 3.0, 84.0, 9.0, 1487341291.21, bil 
bla, 59.7460572, 10.78299899, 26.7600002289, 3.0, 84.0, 8.89999961853, 1487341292.28, bil 
bla, 59.74630151, 10.78307397, 26.8500003815, 3.0, 85.0, 8.89999961853, 1487341293.32, bil 
bla, 59.74653703, 10.78315195, 26.9400005341, 3.0, 85.0, 8.69999980927, 1487341294.23, bil 
bla, 59.74677084, 10.78321973, 27.0300006866, 4.0, 85.0, 8.5, 1487341295.29, bil 
bla, 59.74700786, 10.78328251, 27.0400009155, 3.0, 86.0, 8.10000038147, 1487341296.39, bil 
bla, 59.74724952, 10.78335066, 27.1100006104, 3.0, 85.0, 7.80000019073, 1487341297.29, bil 
bla, 59.74749425, 10.78341254, 27.2000007629, 3.0, 86.0, 7.40000009537, 1487341298.19, bil 
bla, 59.74772609, 10.78346643, 27.0300006866, 3.0, 87.0, 7.40000009537, 1487341299.29, bil 
bla, 59.74798583, 10.7835149, 26.8199996948, 3.0, 88.0, 6.59999990463, 1487341300.28, bil 
bla, 59.748226, 10.78356702, 26.7700004578, 3.0, 88.0, 6.30000019073, 1487341301.24, bil 
bla, 59.74846476, 10.78361634, 26.6399993896, 3.0, 88.0, 6.19999980927, 1487341302.19, bil 
bla, 59.74868843, 10.78366208, 26.5400009155, 3.0, 87.0, 6.0, 1487341303.29, bil 
bla, 59.74892025, 10.78370737, 26.4200000763, 3.0, 86.0, 5.69999980927, 1487341304.19, bil 
bla, 59.7491646, 10.7837509, 26.2600002289, 3.0, 88.0, 5.5, 1487341305.28, bil 
bla, 59.74939999, 10.7838096, 26.1299991608, 3.0, 88.0, 5.40000009537, 1487341306.2, bil 
bla, 59.74962383, 10.78385418, 26.0400009155, 3.0, 87.0, 5.30000019073, 1487341307.38, bil 
bla, 59.74986067, 10.78389055, 25.7800006866, 3.0, 86.0, 5.5, 1487341308.19, bil 
bla, 59.75009099, 10.78394134, 25.8500003815, 3.0, 86.0, 5.80000019073, 1487341309.21, bil 
bla, 59.75032038, 10.78399262, 25.8700008392, 3.0, 86.0, 6.69999980927, 1487341310.37, bil 
bla, 59.75054284, 10.78403955, 25.8999996185, 3.0, 87.0, 7.59999990463, 1487341311.25, bil 
bla, 59.75077254, 10.78410972, 25.8999996185, 4.0, 87.0, 8.89999961853, 1487341312.25, bil 
bla, 59.75100515, 10.78418571, 25.6800003052, 4.0, 87.0, 9.19999980927, 1487341313.34, bil 
bla, 59.75122695, 10.78429471, 25.8500003815, 4.0, 87.0, 12.1999998093, 1487341314.17, bil 
bla, 59.75145867, 10.78437958, 26.8299999237, 5.0, 87.0, 9.89999961853, 1487341315.26, bil 
bla, 59.75168412, 10.7844793, 25.5200004578, 5.0, 90.0, 11.8999996185, 1487341316.21, bil 
bla, 59.7519074, 10.78459629, 25.7399997711, 5.0, 90.0, 12.6999998093, 1487341317.23, bil 
bla, 59.75214207, 10.78474522, 26.3999996185, 6.0, 90.0, 16.2999992371, 1487341318.27, bil 
bla, 59.75236242, 10.78487343, 26.3999996185, 12.0, 90.0, 16.2999992371, 1487341319.24, bil 
bla, 59.77255341, 10.83376057, 27.1299991608, 15.0, 137.0, 44.5999984741, 1487341452.22, bil 
bla, 59.77274545, 10.83412295, 27.25, 10.0, 137.0, 45.9000015259, 1487341453.23, bil 
bla, 59.77292884, 10.83442503, 27.1800003052, 7.0, 136.0, 45.9000015259, 1487341454.22, bil 
bla, 59.77309441, 10.83473937, 27.0599994659, 6.0, 136.0, 45.0, 1487341455.18, bil 
bla, 59.77326877, 10.8350629, 27.3600006104, 5.0, 137.0, 43.5999984741, 1487341456.27, bil 
bla, 59.77346773, 10.8354504, 27.2999992371, 5.0, 139.0, 41.7000007629, 1487341457.28, bil 
bla, 59.77366071, 10.83577499, 27.3500003815, 5.0, 141.0, 39.7999992371, 1487341458.61, bil 
bla, 59.77385453, 10.83606831, 27.4200000763, 5.0, 142.0, 38.2999992371, 1487341459.2, bil 
bla, 59.77405029, 10.83636166, 27.3099994659, 4.0, 142.0, 35.0999984741, 1487341504.42, bil 
bla, 59.77426305, 10.83663343, 27.3500003815, 4.0, 143.0, 33.5, 1487341504.53, bil 
bla, 59.77448357, 10.83687163, 27.3899993896, 4.0, 145.0, 31.5, 1487341504.66, bil 
bla, 59.77468704, 10.83708518, 27.4899997711, 3.0, 147.0, 30.1000003815, 1487341504.78, bil 
bla, 59.77490378, 10.83732823, 27.6399993896, 3.0, 148.0, 28.8999996185, 1487341504.99, bil 
bla, 59.77512775, 10.83756549, 27.8099994659, 3.0, 147.0, 27.2000007629, 1487341505.13, bil 
bla, 59.77535962, 10.83778365, 27.9400005341, 3.0, 148.0, 25.6000003815, 1487341505.27, bil 
bla, 59.77557983, 10.8379846, 28.0100002289, 3.0, 149.0, 24.0, 1487341505.45, bil 
bla, 59.77582112, 10.83818505, 28.1399993896, 3.0, 150.0, 22.2000007629, 1487341505.57, bil 
bla, 59.77606064, 10.83835833, 28.1000003815, 3.0, 152.0, 20.7999992371, 1487341505.71, bil 
bla, 59.77629813, 10.83852888, 28.0799999237, 4.0, 152.0, 20.0, 1487341505.86, bil 
bla, 59.77652197, 10.83867566, 27.7199993134, 4.0, 153.0, 18.7000007629, 1487341506.06, bil 
bla, 59.77676564, 10.8388191, 28.0900001526, 4.0, 154.0, 16.7000007629, 1487341506.21, bil 
bla, 59.77702459, 10.83894539, 28.1800003052, 4.0, 156.0, 14.8000001907, 1487341506.35, bil 
bla, 59.77727646, 10.83905249, 28.2800006866, 4.0, 157.0, 12.6999998093, 1487341506.48, bil 
bla, 59.77752597, 10.83913491, 28.7199993134, 4.0, 160.0, 11.1000003815, 1487341506.65, bil 
bla, 59.77778717, 10.83922635, 28.6900005341, 3.0, 162.0, 9.5, 1487341506.81, bil 
bla, 59.77804365, 10.8392835, 28.9400005341, 3.0, 164.0, 8.19999980927, 1487341506.93, bil 
bla, 59.77830185, 10.83933927, 29.2199993134, 3.0, 165.0, 6.59999990463, 1487341507.14, bil 
bla, 59.77855333, 10.83939043, 29.4099998474, 3.0, 166.0, 4.80000019073, 1487341507.26, bil 
bla, 59.77881993, 10.83941524, 29.6100006104, 3.0, 168.0, 3.70000004768, 1487341507.42, bil 
bla, 59.77909852, 10.8394459, 29.5, 3.0, 168.0, 2.79999995232, 1487341507.58, bil 
bla, 59.77936094, 10.83945653, 29.3999996185, 3.0, 169.0, 1.20000004768, 1487341507.73, bil 
bla, 59.77961847, 10.83945237, 29.3700008392, 3.0, 170.0, 359.799987793, 1487341507.87, bil 
bla, 59.7798866, 10.83945265, 29.0499992371, 3.0, 170.0, 358.899993896, 1487341508.03, bil 
bla, 59.78014389, 10.83943625, 28.9599990845, 3.0, 172.0, 358.399993896, 1487341508.2, bil 
bla, 59.7804092, 10.83942226, 28.9300003052, 3.0, 172.0, 358.100006104, 1487341508.37, bil 
bla, 59.78066721, 10.83939854, 28.9400005341, 3.0, 173.0, 357.799987793, 1487341508.5, bil 
bla, 59.78092742, 10.83937928, 28.9400005341, 3.0, 174.0, 357.799987793, 1487341508.67, bil 
bla, 59.78119448, 10.8393617, 28.9400005341, 3.0, 176.0, 357.799987793, 1487341508.8, bil 
bla, 59.78145319, 10.83934801, 28.9400005341, 3.0, 177.0, 357.899993896, 1487341508.93, bil 
bla, 59.78169973, 10.83933265, 28.9400005341, 3.0, 177.0, 358.0, 1487341509.07, bil 
bla, 59.78197015, 10.8393082, 28.8999996185, 3.0, 178.0, 357.899993896, 1487341509.2, bil 
bla, 59.78222782, 10.83928808, 28.8700008392, 3.0, 179.0, 358.200012207, 1487341509.35, bil 
bla, 59.78248555, 10.83927742, 28.9099998474, 4.0, 180.0, 358.5, 1487341509.54, bil 
bla, 59.78272939, 10.83926988, 28.7900009155, 3.0, 181.0, 359.100006104, 1487341509.69, bil 
bla, 59.78298284, 10.8392644, 28.7099990845, 3.0, 182.0, 359.399993896, 1487341509.81, bil 
bla, 59.7832417, 10.8392601, 28.6000003815, 3.0, 182.0, 359.700012207, 1487341509.93, bil 
bla, 59.78349909, 10.83925848, 28.5, 3.0, 183.0, 0.10000000149, 1487341510.09, bil 
bla, 59.7837463, 10.83925677, 28.3600006104, 3.0, 184.0, 0.300000011921, 1487341510.22, bil 
bla, 59.78400797, 10.83926716, 28.2700004578, 3.0, 184.0, 0.600000023842, 1487341510.33, bil 
bla, 59.78426274, 10.83927617, 28.2099990845, 3.0, 185.0, 0.600000023842, 1487341510.52, bil 
bla, 59.78452068, 10.83928234, 28.1800003052, 3.0, 186.0, 0.5, 1487341510.69, bil 
bla, 59.78476719, 10.83928479, 28.1599998474, 3.0, 186.0, 0.300000011921, 1487341510.81, bil 
bla, 59.78501917, 10.83928723, 28.1900005341, 3.0, 186.0, 0.300000011921, 1487341510.95, bil 
bla, 59.78528107, 10.83928981, 28.2000007629, 3.0, 186.0, 0.40000000596, 1487341511.14, bil 
bla, 59.78553442, 10.83927354, 28.4599990845, 4.0, 187.0, 358.799987793, 1487341511.28, bil 
bla, 59.78578062, 10.83927784, 28.2900009155, 3.0, 186.0, 0.10000000149, 1487341511.43, bil 
bla, 59.78604551, 10.83928105, 28.4799995422, 3.0, 187.0, 359.600006104, 1487341511.63, bil 
bla, 59.78630182, 10.83927216, 28.6100006104, 4.0, 187.0, 359.299987793, 1487341511.81, bil 
bla, 59.78655631, 10.83927737, 28.8400001526, 3.0, 187.0, 359.899993896, 1487341511.97, bil 
bla, 59.78681119, 10.83928589, 28.9899997711, 3.0, 188.0, 1.0, 1487341512.15, bil 
bla, 59.78706777, 10.8393203, 29.0499992371, 3.0, 189.0, 2.29999995232, 1487341512.31, bil 
bla, 59.78734146, 10.83935298, 29.0900001526, 4.0, 189.0, 3.40000009537, 1487341513.19, bil 
bla, 59.78760606, 10.83939783, 29.2000007629, 3.0, 189.0, 4.30000019073, 1487341514.26, bil 
bla, 59.78785504, 10.83942995, 29.1700000763, 3.0, 190.0, 4.59999990463, 1487341515.23, bil 
bla, 59.78811872, 10.83947021, 29.1100006104, 3.0, 191.0, 5.09999990463, 1487341516.19, bil 
bla, 59.78838577, 10.83952165, 29.0799999237, 4.0, 192.0, 5.09999990463, 1487341517.21, bil 
bla, 59.78864052, 10.83958274, 28.9500007629, 4.0, 193.0, 6.69999980927, 1487341518.31, bil 
bla, 59.78887958, 10.83963985, 28.3700008392, 3.0, 194.0, 7.0, 1487341519.27, bil 
bla, 59.78912918, 10.83969947, 28.2700004578, 4.0, 194.0, 6.90000009537, 1487341520.18, bil 
bla, 59.78939587, 10.83976389, 28.7199993134, 6.0, 194.0, 6.90000009537, 1487341521.2, bil 
bla, 59.78966989, 10.8397982, 29.3299999237, 8.0, 194.0, 5.69999980927, 1487341522.21, bil 
bla, 59.78990713, 10.83988444, 28.9300003052, 5.0, 195.0, 8.89999961853, 1487341523.65, bil 
bla, 59.79016795, 10.83996584, 29.0300006866, 4.0, 194.0, 9.69999980927, 1487341524.27, bil 
bla, 59.79042629, 10.84005265, 29.0100002289, 4.0, 194.0, 10.0, 1487341525.34, bil 
bla, 59.79069625, 10.84013953, 29.3299999237, 5.0, 193.0, 10.1000003815, 1487341528.85, bil 
bla, 59.79093204, 10.84021594, 28.7000007629, 6.0, 194.0, 9.89999961853, 1487341529.8, bil 
bla, 59.79117233, 10.8402924, 28.2900009155, 7.0, 195.0, 9.80000019073, 1487341530.3, bil 
bla, 59.79144907, 10.84040647, 29.0100002289, 8.0, 195.0, 10.6000003815, 1487341530.55, bil 
bla, 59.79171618, 10.84051295, 29.2700004578, 8.0, 195.0, 11.1999998093, 1487341530.97, bil 
bla, 59.79197241, 10.84074977, 29.6200008392, 4.0, 192.0, 13.6999998093, 1487341531.35, bil 
bla, 59.79247362, 10.84100786, 28.2000007629, 6.0, 192.0, 15.6000003815, 1487341566.82, bil 
bla, 59.79274842, 10.8411493, 29.7299995422, 4.0, 190.0, 14.0, 1487341567.75, bil 
bla, 59.79301935, 10.84130742, 29.7299995422, 3.0, 189.0, 14.3999996185, 1487341567.99, bil 
bla, 59.79326035, 10.84146017, 29.7800006866, 3.0, 185.0, 15.3000001907, 1487341568.15, bil 
bla, 59.79352052, 10.84159454, 29.5599994659, 4.0, 186.0, 15.3999996185, 1487341568.69, bil 
bla, 59.79377699, 10.84173186, 29.7199993134, 3.0, 184.0, 15.1999998093, 1487341569.15, bil 
bla, 59.79402545, 10.84187494, 29.6000003815, 3.0, 184.0, 14.6000003815, 1487341569.85, bil 
bla, 59.79428676, 10.84199342, 29.5200004578, 3.0, 183.0, 14.0, 1487341570.15, bil 
bla, 59.79454682, 10.84210967, 29.4300003052, 3.0, 183.0, 13.3000001907, 1487341570.27, bil 
bla, 59.79480256, 10.84223527, 29.3099994659, 3.0, 182.0, 12.8999996185, 1487341570.51, bil 
bla, 59.79504554, 10.84232135, 29.1700000763, 3.0, 183.0, 12.3000001907, 1487341571.15, bil 
bla, 59.79530297, 10.84241994, 29.0, 3.0, 184.0, 11.6999998093, 1487341571.45, bil 
bla, 59.79555849, 10.84252364, 28.8700008392, 3.0, 183.0, 11.1000003815, 1487341571.63, bil 
bla, 59.7958139, 10.8426075, 28.7299995422, 3.0, 182.0, 10.3000001907, 1487341571.93, bil 
bla, 59.79606442, 10.84268282, 28.4899997711, 3.0, 182.0, 9.69999980927, 1487341572.15, bil 
bla, 59.79656968, 10.84283625, 28.1100006104, 3.0, 183.0, 8.0, 1487341572.81, bil 
bla, 59.7963235, 10.84276139, 28.2600002289, 3.0, 183.0, 8.89999961853, 1487341572.81, bil 
bla, 59.7968178, 10.84290745, 27.9799995422, 3.0, 182.0, 7.40000009537, 1487341573.35, bil 
bla, 59.79706074, 10.84296964, 27.9500007629, 3.0, 182.0, 7.30000019073, 1487341573.81, bil 
bla, 59.79731001, 10.84304193, 27.9300003052, 3.0, 182.0, 6.90000009537, 1487341574.33, bil 
bla, 59.79756502, 10.84309666, 27.8899993896, 3.0, 182.0, 5.90000009537, 1487341574.47, bil 
bla, 59.79781436, 10.84314584, 27.7700004578, 3.0, 182.0, 5.40000009537, 1487341575.03, bil 
bla, 59.79805675, 10.84318792, 27.6499996185, 3.0, 182.0, 4.90000009537, 1487341575.19, bil 
bla, 59.79830722, 10.84322856, 27.4400005341, 3.0, 183.0, 4.19999980927, 1487341575.57, bil 
bla, 59.79855733, 10.8432518, 27.6299991608, 3.0, 183.0, 3.20000004768, 1487341576.09, bil 
bla, 59.79880011, 10.84326525, 27.6599998474, 3.0, 184.0, 2.59999990463, 1487341576.41, bil 
bla, 59.79930013, 10.84327825, 28.0, 3.0, 184.0, 0.20000000298, 1487341583.91, bil 
bla, 59.79957068, 10.8432787, 28.2099990845, 3.0, 184.0, 359.0, 1487341584.26, bil 
bla, 59.79982559, 10.84326523, 28.3799991608, 3.0, 184.0, 358.600006104, 1487341584.37, bil 
bla, 59.80007135, 10.84325487, 28.3799991608, 3.0, 185.0, 358.5, 1487341584.42, bil 
bla, 59.80033215, 10.84324004, 28.3400001526, 3.0, 184.0, 358.700012207, 1487341584.49, bil 
bla, 59.80058211, 10.8432237, 28.3700008392, 3.0, 184.0, 358.299987793, 1487341584.56, bil 
bla, 59.80083662, 10.84319866, 28.4400005341, 3.0, 185.0, 358.0, 1487341584.59, bil 
bla, 59.8010905, 10.84318155, 28.4699993134, 3.0, 185.0, 357.5, 1487341584.7, bil 
bla, 59.80134658, 10.84314868, 28.4099998474, 3.0, 186.0, 357.200012207, 1487341585.28, bil 
bla, 59.80162422, 10.84314269, 28.3299999237, 3.0, 185.0, 357.200012207, 1487341585.39, bil 
bla, 59.80188144, 10.84310779, 28.2399997711, 3.0, 186.0, 357.299987793, 1487341585.48, bil 
bla, 59.80211891, 10.84308009, 28.0900001526, 4.0, 185.0, 356.700012207, 1487341585.59, bil 
bla, 59.80237823, 10.8430423, 28.1299991608, 4.0, 186.0, 356.299987793, 1487341585.66, bil 
bla, 59.80262815, 10.84300645, 28.1800003052, 4.0, 186.0, 356.200012207, 1487341585.74, bil 
bla, 59.80287435, 10.8429579, 28.2999992371, 4.0, 186.0, 356.0, 1487341585.81, bil 
bla, 59.80311423, 10.84292073, 28.3799991608, 3.0, 186.0, 356.200012207, 1487341585.9, bil 
bla, 59.8033693, 10.84287671, 28.6299991608, 3.0, 186.0, 355.799987793, 1487341585.97, bil 
bla, 59.80363358, 10.84283969, 28.4799995422, 4.0, 186.0, 355.799987793, 1487341586.04, bil 
bla, 59.80388407, 10.84279708, 28.3299999237, 4.0, 186.0, 356.100006104, 1487341586.13, bil 
bla, 59.80413411, 10.84275419, 28.4899997711, 4.0, 186.0, 355.799987793, 1487341586.19, bil 
bla, 59.80440368, 10.84269988, 28.8600006104, 4.0, 187.0, 354.799987793, 1487341586.26, bil 
bla, 59.80466537, 10.84264277, 28.9300003052, 4.0, 187.0, 354.399993896, 1487341586.34, bil 
bla, 59.80490058, 10.84259204, 28.75, 4.0, 186.0, 353.600006104, 1487341586.4, bil 
bla, 59.80514568, 10.84252662, 28.9699993134, 3.0, 187.0, 353.299987793, 1487341586.44, bil 
bla, 59.80539578, 10.84246028, 28.5699996948, 4.0, 186.0, 352.899993896, 1487341586.51, bil 
bla, 59.80567888, 10.84240845, 29.6100006104, 5.0, 185.0, 353.100006104, 1487341586.6, bil 
bla, 59.80591555, 10.84233427, 28.8199996948, 4.0, 184.0, 351.299987793, 1487341586.64, bil 
bla, 59.80618038, 10.84229392, 29.1499996185, 5.0, 183.0, 350.899993896, 1487341587.34, bil 
bla, 59.80646991, 10.84217482, 29.1399993896, 4.0, 185.0, 350.399993896, 1487341588.42, bil 
bla, 59.80671635, 10.84208241, 28.2099990845, 5.0, 185.0, 350.5, 1487341589.21, bil 
bla, 59.80697888, 10.84196995, 29.2000007629, 4.0, 186.0, 349.200012207, 1487341590.23, bil 
bla, 59.80722851, 10.84187554, 29.2999992371, 4.0, 187.0, 348.799987793, 1487341591.26, bil 
bla, 59.80749223, 10.84177426, 29.0300006866, 4.0, 188.0, 348.5, 1487341592.24, bil 
bla, 59.80776894, 10.8416656, 29.0200004578, 4.0, 188.0, 347.799987793, 1487341593.23, bil 
bla, 59.80802204, 10.84154684, 29.0, 4.0, 189.0, 347.200012207, 1487341594.65, bil 
bla, 59.80826425, 10.84143453, 28.9500007629, 4.0, 189.0, 346.899993896, 1487341597.26, bil 
bla, 59.80852528, 10.84131061, 28.9300003052, 4.0, 189.0, 346.5, 1487341599.55, bil 
bla, 59.80877571, 10.84118001, 28.9300003052, 4.0, 189.0, 346.100006104, 1487341601.61, bil 
bla, 59.80902756, 10.84104885, 28.8099994659, 4.0, 187.0, 345.899993896, 1487341603.56, bil 
bla, 59.80926844, 10.84092457, 28.7299995422, 4.0, 187.0, 345.5, 1487341638.88, bil 
bla, 59.80951772, 10.84079707, 28.7299995422, 3.0, 187.0, 345.399993896, 1487341638.95, bil 
bla, 59.80977575, 10.84065879, 28.7199993134, 3.0, 187.0, 345.200012207, 1487341639.03, bil 
bla, 59.81001668, 10.84052525, 28.6100006104, 3.0, 188.0, 345.100006104, 1487341639.08, bil 
bla, 59.81025257, 10.84040489, 28.4699993134, 3.0, 188.0, 345.299987793, 1487341639.13, bil 
bla, 59.81051076, 10.84027431, 28.3099994659, 3.0, 188.0, 345.799987793, 1487341639.2, bil 
bla, 59.81075676, 10.84015809, 28.1000003815, 3.0, 189.0, 346.799987793, 1487341639.27, bil 
bla, 59.81100314, 10.84005368, 27.9099998474, 3.0, 189.0, 347.899993896, 1487341639.29, bil 
bla, 59.81124414, 10.83995937, 27.75, 3.0, 189.0, 349.200012207, 1487341639.36, bil 
bla, 59.81148914, 10.83989472, 27.5900001526, 3.0, 190.0, 351.0, 1487341639.41, bil 
bla, 59.81174612, 10.83983216, 27.4300003052, 3.0, 191.0, 353.299987793, 1487341639.48, bil 
bla, 59.81199677, 10.83980026, 27.2199993134, 3.0, 191.0, 356.200012207, 1487341639.52, bil 
bla, 59.81223472, 10.83980181, 27.0200004578, 3.0, 191.0, 359.399993896, 1487341639.57, bil 
bla, 59.81248889, 10.83983118, 26.6599998474, 3.0, 192.0, 2.5, 1487341639.63, bil 
bla, 59.81272481, 10.8398823, 26.4599990845, 3.0, 193.0, 6.09999990463, 1487341639.67, bil 
bla, 59.81295343, 10.8399591, 26.1399993896, 4.0, 193.0, 9.10000038147, 1487341639.74, bil 
bla, 59.81316943, 10.84006087, 25.9599990845, 4.0, 193.0, 12.3000001907, 1487341639.8, bil 
bla, 59.81339752, 10.84019581, 25.9500007629, 3.0, 194.0, 15.6999998093, 1487341639.87, bil 
bla, 59.81362221, 10.84035056, 25.75, 4.0, 195.0, 19.1000003815, 1487341639.91, bil 
bla, 59.81383879, 10.8405325, 25.7000007629, 4.0, 195.0, 22.0, 1487341639.95, bil 
bla, 59.81404468, 10.84072196, 25.7800006866, 4.0, 196.0, 24.8999996185, 1487341640.0, bil 
bla, 59.81426937, 10.84091304, 26.1499996185, 4.0, 196.0, 24.7000007629, 1487341640.05, bil 
bla, 59.81446881, 10.8410986, 24.8899993896, 5.0, 196.0, 24.1000003815, 1487341640.1, bil 
bla, 59.81463059, 10.84145481, 26.1399993896, 4.0, 197.0, 34.5, 1487341640.16, bil 
bla, 59.81480673, 10.8417317, 26.5, 4.0, 197.0, 36.4000015259, 1487341640.23, bil 
bla, 59.81497503, 10.8420333, 25.9400005341, 4.0, 199.0, 40.5999984741, 1487341640.28, bil 
bla, 59.81515892, 10.84236112, 26.3500003815, 5.0, 198.0, 41.2999992371, 1487341640.33, bil 
bla, 59.81532929, 10.84267657, 26.1399993896, 5.0, 198.0, 42.2000007629, 1487341640.39, bil 
bla, 59.81548941, 10.84303713, 26.3700008392, 4.0, 199.0, 44.2999992371, 1487341640.46, bil 
bla, 59.81566366, 10.8433675, 26.0499992371, 4.0, 198.0, 43.2999992371, 1487341640.51, bil 
bla, 59.81583445, 10.84369569, 26.0100002289, 4.0, 198.0, 43.4000015259, 1487341640.55, bil 
bla, 59.81601138, 10.8440143, 25.8999996185, 4.0, 199.0, 43.0999984741, 1487341640.61, bil 
bla, 59.81619105, 10.84425681, 25.3099994659, 4.0, 200.0, 41.4000015259, 1487341640.69, bil 
bla, 59.81633862, 10.84457862, 25.5900001526, 3.0, 198.0, 42.5999984741, 1487341640.79, bil 
bla, 59.81651931, 10.84488106, 25.4799995422, 3.0, 198.0, 41.5, 1487341640.86, bil 
bla, 59.81668868, 10.84518413, 25.3099994659, 4.0, 198.0, 40.5, 1487341640.94, bil 
bla, 59.8168573, 10.84545198, 25.0699996948, 4.0, 198.0, 39.0999984741, 1487341641.0, bil 
bla, 59.81703854, 10.84574971, 25.3799991608, 4.0, 197.0, 39.0, 1487341641.04, bil 
bla, 59.81724782, 10.84594296, 25.2700004578, 3.0, 197.0, 31.7999992371, 1487341641.12, bil 
bla, 59.81745186, 10.84616811, 25.3400001526, 3.0, 198.0, 29.2999992371, 1487341641.19, bil 
bla, 59.81766132, 10.84636439, 25.5100002289, 3.0, 198.0, 26.8999996185, 1487341641.24, bil 
bla, 59.81785003, 10.84658156, 25.9099998474, 4.0, 201.0, 27.5, 1487341641.29, bil 
bla, 59.81808783, 10.8467238, 25.8199996948, 4.0, 200.0, 20.3999996185, 1487341642.23, bil 
bla, 59.81831217, 10.84684323, 25.9500007629, 3.0, 198.0, 16.8999996185, 1487341642.94, bil 
bla, 59.81853268, 10.84694154, 26.0300006866, 3.0, 198.0, 13.8999996185, 1487341643.38, bil 
bla, 59.81877707, 10.8470397, 26.2099990845, 3.0, 196.0, 10.3999996185, 1487341644.3, bil 
bla, 59.81901602, 10.84709575, 26.4099998474, 3.0, 196.0, 7.5, 1487341645.36, bil 
bla, 59.81926042, 10.84714307, 26.4899997711, 3.0, 195.0, 4.40000009537, 1487341646.19, bil 
bla, 59.81949493, 10.84714113, 26.7099990845, 3.0, 194.0, 1.5, 1487341647.31, bil 
bla, 59.81973301, 10.84711644, 26.9400005341, 3.0, 192.0, 358.5, 1487341648.24, bil 
bla, 59.81998029, 10.84707195, 27.0799999237, 3.0, 190.0, 355.5, 1487341649.2, bil 
bla, 59.82022953, 10.84702139, 27.2900009155, 3.0, 189.0, 353.100006104, 1487341650.24, bil 
bla, 59.82045843, 10.84693659, 27.4099998474, 3.0, 188.0, 350.899993896, 1487341651.22, bil 
bla, 59.82070669, 10.84684631, 27.4699993134, 4.0, 188.0, 350.100006104, 1487341652.24, bil 
bla, 59.82096087, 10.84674759, 28.4400005341, 5.0, 187.0, 349.299987793, 1487341653.21, bil 
bla, 59.82121619, 10.84662822, 28.3799991608, 4.0, 186.0, 347.399993896, 1487341654.38, bil 
bla, 59.82144597, 10.84650899, 28.3299999237, 4.0, 186.0, 346.399993896, 1487341655.24, bil 
bla, 59.82169273, 10.84638332, 28.3500003815, 4.0, 183.0, 345.399993896, 1487341656.24, bil 
bla, 59.82194478, 10.84622965, 28.5400009155, 3.0, 182.0, 345.100006104, 1487341657.35, bil 
bla, 59.82218369, 10.84610567, 28.6299991608, 3.0, 181.0, 345.200012207, 1487341658.28, bil 
bla, 59.82243529, 10.84597249, 28.6599998474, 3.0, 179.0, 345.299987793, 1487341659.21, bil 
bla, 59.82269448, 10.84583189, 28.6900005341, 3.0, 179.0, 345.200012207, 1487341660.23, bil 
bla, 59.82294422, 10.84569401, 28.6700000763, 3.0, 177.0, 345.0, 1487341661.37, bil 
bla, 59.82319078, 10.84557093, 28.6399993896, 3.0, 177.0, 345.100006104, 1487341662.23, bil 
bla, 59.82342688, 10.84544065, 28.5699996948, 3.0, 177.0, 344.899993896, 1487341663.22, bil 
bla, 59.82366812, 10.84530065, 28.5799999237, 3.0, 177.0, 344.700012207, 1487341664.23, bil 
bla, 59.82392176, 10.84516229, 28.4899997711, 3.0, 176.0, 345.100006104, 1487341665.31, bil 
bla, 59.824168, 10.84503969, 28.3999996185, 3.0, 176.0, 346.200012207, 1487341666.37, bil 
bla, 59.82440544, 10.84493819, 28.2800006866, 3.0, 176.0, 347.399993896, 1487341667.22, bil 
bla, 59.82466588, 10.84483192, 28.2000007629, 3.0, 176.0, 348.5, 1487341668.32, bil 
bla, 59.82490943, 10.84474303, 28.0200004578, 3.0, 176.0, 349.5, 1487341669.16, bil 
bla, 59.82515461, 10.84465024, 27.7999992371, 4.0, 176.0, 349.899993896, 1487341670.19, bil 
bla, 59.82539252, 10.84457939, 27.7600002289, 3.0, 174.0, 349.700012207, 1487341671.3, bil 
bla, 59.82563344, 10.844485, 27.6599998474, 3.0, 174.0, 349.299987793, 1487341672.22, bil 
bla, 59.82588193, 10.84439363, 27.5100002289, 3.0, 173.0, 349.200012207, 1487341673.43, bil 
bla, 59.82613014, 10.84431036, 27.5499992371, 3.0, 172.0, 349.100006104, 1487341674.32, bil 
bla, 59.82636523, 10.84422023, 27.7000007629, 3.0, 173.0, 349.100006104, 1487341675.19, bil 
bla, 59.82661946, 10.84413054, 27.6800003052, 3.0, 173.0, 349.600006104, 1487341676.21, bil 
bla, 59.82686459, 10.84405369, 27.6800003052, 3.0, 173.0, 350.200012207, 1487341677.19, bil 
bla, 59.82711168, 10.84396929, 27.8899993896, 3.0, 173.0, 350.200012207, 1487341678.32, bil 
bla, 59.827355, 10.84387525, 28.1299991608, 3.0, 173.0, 350.0, 1487341679.25, bil 
bla, 59.82760407, 10.84378159, 28.2999992371, 3.0, 172.0, 349.600006104, 1487341680.17, bil 
bla, 59.82786046, 10.84368077, 28.4899997711, 4.0, 171.0, 349.100006104, 1487341681.39, bil 
bla, 59.82811249, 10.84357541, 28.5, 3.0, 171.0, 347.899993896, 1487341682.26, bil 
bla, 59.82835742, 10.84346515, 28.5799999237, 3.0, 170.0, 347.5, 1487341683.17, bil 
bla, 59.82861595, 10.8433479, 28.5799999237, 3.0, 169.0, 347.0, 1487341684.26, bil 
bla, 59.82886525, 10.84323663, 28.5699996948, 3.0, 169.0, 346.799987793, 1487341685.24, bil 
bla, 59.82911891, 10.84311097, 28.6000003815, 3.0, 168.0, 346.200012207, 1487341686.29, bil 
bla, 59.8293507, 10.84298908, 28.3799991608, 3.0, 168.0, 345.399993896, 1487341687.25, bil 
bla, 59.82960364, 10.84284723, 28.4400005341, 3.0, 168.0, 345.100006104, 1487341688.35, bil 
bla, 59.82986128, 10.84271031, 28.3700008392, 3.0, 167.0, 344.299987793, 1487341689.22, bil 
bla, 59.83010201, 10.84255927, 28.4500007629, 3.0, 166.0, 343.600006104, 1487341690.23, bil 
bla, 59.83034814, 10.84241447, 28.5599994659, 3.0, 165.0, 343.200012207, 1487341691.11, bil 
bla, 59.83060691, 10.84226586, 28.5799999237, 3.0, 164.0, 342.5, 1487341692.35, bil 
bla, 59.83085351, 10.84210585, 28.6000003815, 3.0, 163.0, 342.200012207, 1487341693.18, bil 
bla, 59.83109742, 10.84193767, 28.4799995422, 3.0, 162.0, 341.899993896, 1487341694.2, bil 
bla, 59.83132284, 10.84177678, 28.5, 3.0, 161.0, 342.5, 1487341695.27, bil 
bla, 59.83156358, 10.84163279, 28.4500007629, 3.0, 160.0, 343.600006104, 1487341696.26, bil 
bla, 59.83181331, 10.84148813, 28.3099994659, 3.0, 159.0, 344.299987793, 1487341697.3, bil 
bla, 59.83206275, 10.84136726, 28.2000007629, 3.0, 159.0, 344.200012207, 1487341698.53, bil 
bla, 59.83229493, 10.84122823, 27.9099998474, 3.0, 158.0, 343.700012207, 1487341699.27, bil 
bla, 59.83253342, 10.84108041, 27.6000003815, 3.0, 157.0, 343.100006104, 1487341700.22, bil 
bla, 59.83276631, 10.84094186, 27.2900009155, 3.0, 158.0, 342.399993896, 1487341701.18, bil 
bla, 59.83299685, 10.84079783, 26.9500007629, 3.0, 157.0, 342.299987793, 1487341702.27, bil 
bla, 59.83322131, 10.84065623, 26.6100006104, 3.0, 157.0, 342.5, 1487341703.4, bil 
bla, 59.83344521, 10.84051939, 26.3400001526, 3.0, 157.0, 343.200012207, 1487341704.18, bil 
bla, 59.83367868, 10.84039325, 26.1700000763, 4.0, 157.0, 344.100006104, 1487341705.22, bil 
bla, 59.83390424, 10.84027565, 26.1200008392, 3.0, 157.0, 345.399993896, 1487341706.3, bil 
bla, 59.83412252, 10.84017558, 25.9400005341, 3.0, 158.0, 346.700012207, 1487341707.24, bil 
bla, 59.83435274, 10.84007341, 25.8400001526, 3.0, 158.0, 348.0, 1487341708.35, bil 
bla, 59.83457907, 10.83998983, 25.6800003052, 3.0, 159.0, 348.799987793, 1487341709.27, bil 
bla, 59.8348082, 10.83991903, 25.5400009155, 3.0, 159.0, 349.700012207, 1487341710.27, bil 
bla, 59.83502078, 10.83984675, 25.5200004578, 3.0, 159.0, 351.299987793, 1487341711.22, bil 
bla, 59.83524594, 10.83978012, 25.4500007629, 3.0, 159.0, 352.799987793, 1487341712.3, bil 
bla, 59.83547923, 10.83972969, 25.4500007629, 3.0, 160.0, 353.899993896, 1487341713.3, bil 
bla, 59.83571031, 10.83969531, 25.4099998474, 3.0, 160.0, 355.100006104, 1487341714.18, bil 
bla, 59.83593545, 10.83967029, 25.3999996185, 3.0, 160.0, 356.5, 1487341715.21, bil 
bla, 59.83617291, 10.83965481, 25.3500003815, 3.0, 161.0, 357.299987793, 1487341716.12, bil 
bla, 59.8363991, 10.83964874, 25.2199993134, 3.0, 161.0, 358.299987793, 1487341717.22, bil 
bla, 59.83663182, 10.83967391, 25.1499996185, 4.0, 162.0, 0.5, 1487341718.22, bil 
bla, 59.83685987, 10.83968311, 25.1900005341, 3.0, 163.0, 1.39999997616, 1487341719.25, bil 
bla, 59.83708499, 10.83970516, 25.1299991608, 4.0, 163.0, 2.90000009537, 1487341720.2, bil 
bla, 59.83732705, 10.83974848, 25.6399993896, 4.0, 163.0, 4.19999980927, 1487341721.25, bil 
bla, 59.83753901, 10.83975628, 24.8899993896, 5.0, 163.0, 3.79999995232, 1487341722.37, bil 
bla, 59.83775303, 10.83982936, 25.3500003815, 4.0, 163.0, 5.90000009537, 1487341723.23, bil 
bla, 59.83799991, 10.83987564, 25.3600006104, 3.0, 165.0, 6.80000019073, 1487341724.25, bil 
bla, 59.83821272, 10.83992037, 25.4099998474, 3.0, 165.0, 7.0, 1487341725.23, bil 
bla, 59.83844078, 10.83997307, 25.2999992371, 3.0, 165.0, 6.5, 1487341726.17, bil 
bla, 59.83865777, 10.84001357, 25.2600002289, 4.0, 165.0, 4.59999990463, 1487341727.18, bil 
bla, 59.83887051, 10.84001511, 25.2099990845, 3.0, 164.0, 1.89999997616, 1487341728.23, bil 
bla, 59.83910199, 10.84000002, 25.1499996185, 3.0, 165.0, 358.700012207, 1487341729.28, bil 
bla, 59.8393278, 10.8399772, 25.1900005341, 3.0, 168.0, 357.100006104, 1487341730.28, bil 
bla, 59.8395389, 10.83991298, 24.9099998474, 3.0, 168.0, 352.299987793, 1487341731.15, bil 
bla, 59.83976576, 10.83982839, 24.6599998474, 3.0, 169.0, 349.100006104, 1487341732.27, bil 
bla, 59.83997529, 10.83972693, 24.3400001526, 3.0, 170.0, 346.799987793, 1487341733.62, bil 
bla, 59.84018254, 10.83960695, 24.1299991608, 4.0, 171.0, 345.799987793, 1487341734.2, bil 
bla, 59.8403791, 10.83950296, 23.8799991608, 3.0, 172.0, 346.100006104, 1487341735.28, bil 
bla, 59.84058812, 10.83939676, 23.6700000763, 3.0, 173.0, 346.399993896, 1487341736.23, bil 
bla, 59.84079783, 10.83929432, 23.5499992371, 4.0, 174.0, 346.100006104, 1487341737.15, bil 
bla, 59.84100024, 10.83920015, 23.4200000763, 3.0, 176.0, 346.200012207, 1487341738.23, bil 
bla, 59.84119709, 10.83909735, 23.3700008392, 3.0, 177.0, 346.200012207, 1487341739.32, bil 
bla, 59.84141145, 10.83899244, 23.3199996948, 3.0, 178.0, 346.100006104, 1487341740.23, bil 
bla, 59.84162057, 10.83888657, 23.3700008392, 3.0, 179.0, 346.200012207, 1487341741.19, bil 
bla, 59.84182477, 10.83879704, 23.4300003052, 3.0, 181.0, 346.100006104, 1487341742.27, bil 
bla, 59.84202477, 10.83869182, 23.4300003052, 3.0, 182.0, 345.799987793, 1487341743.22, bil 
bla, 59.84222586, 10.83859025, 23.3500003815, 4.0, 182.0, 345.700012207, 1487341744.22, bil 
bla, 59.84243529, 10.83849204, 23.1100006104, 4.0, 182.0, 345.899993896, 1487341745.25, bil 
bla, 59.84263542, 10.83839143, 22.8299999237, 4.0, 182.0, 346.0, 1487341746.28, bil 
bla, 59.8428308, 10.83830821, 22.6599998474, 3.0, 182.0, 346.700012207, 1487341747.21, bil 
bla, 59.84303406, 10.83821341, 22.6800003052, 3.0, 182.0, 347.200012207, 1487341748.27, bil 
bla, 59.84323651, 10.83813, 22.7999992371, 3.0, 182.0, 346.700012207, 1487341749.38, bil 
bla, 59.84344521, 10.83802937, 23.3700008392, 3.0, 182.0, 346.200012207, 1487341750.23, bil 
bla, 59.84364645, 10.83794007, 23.8999996185, 3.0, 183.0, 346.100006104, 1487341751.22, bil 
bla, 59.84386016, 10.8378471, 24.3700008392, 3.0, 182.0, 346.600006104, 1487341752.2, bil 
bla, 59.8440759, 10.83774157, 24.8700008392, 3.0, 183.0, 347.299987793, 1487341753.28, bil 
bla, 59.84429828, 10.83764684, 24.9200000763, 3.0, 182.0, 348.0, 1487341754.2, bil 
bla, 59.84451453, 10.83756301, 25.2600002289, 3.0, 183.0, 348.399993896, 1487341755.24, bil 
bla, 59.84474874, 10.83746771, 25.2700004578, 3.0, 182.0, 348.899993896, 1487341756.17, bil 
bla, 59.8449712, 10.83738529, 25.4599990845, 3.0, 181.0, 349.299987793, 1487341757.22, bil 
bla, 59.84519978, 10.83729907, 25.4899997711, 3.0, 182.0, 349.899993896, 1487341758.23, bil 
bla, 59.84541713, 10.83723193, 25.3500003815, 3.0, 181.0, 350.399993896, 1487341759.27, bil 
bla, 59.84563627, 10.83716565, 25.0599994659, 3.0, 181.0, 350.799987793, 1487341760.21, bil 
bla, 59.84586229, 10.83709195, 24.6700000763, 3.0, 181.0, 351.100006104, 1487341761.24, bil 
bla, 59.84607086, 10.83702831, 24.3600006104, 3.0, 181.0, 351.700012207, 1487341762.18, bil 
bla, 59.8462753, 10.83696702, 24.1700000763, 3.0, 182.0, 352.399993896, 1487341763.28, bil 
bla, 59.84649949, 10.83690588, 24.2700004578, 3.0, 182.0, 353.100006104, 1487341764.16, bil 
bla, 59.84671406, 10.83685006, 24.3899993896, 3.0, 183.0, 353.5, 1487341765.22, bil 
bla, 59.8469366, 10.83679025, 24.6299991608, 3.0, 183.0, 353.600006104, 1487341766.26, bil 
bla, 59.84714693, 10.83674942, 24.6200008392, 3.0, 184.0, 353.899993896, 1487341767.2, bil 
bla, 59.84737122, 10.83671178, 24.6800003052, 3.0, 184.0, 354.299987793, 1487341768.21, bil 
bla, 59.8475988, 10.83667256, 24.6599998474, 4.0, 184.0, 354.799987793, 1487341769.22, bil 
bla, 59.84781921, 10.83663939, 24.7000007629, 4.0, 184.0, 355.100006104, 1487341770.34, bil 
bla, 59.84804136, 10.8366125, 24.8299999237, 4.0, 184.0, 355.399993896, 1487341771.28, bil 
bla, 59.84825934, 10.83657076, 24.4699993134, 3.0, 182.0, 354.399993896, 1487341772.22, bil 
bla, 59.84846531, 10.83650106, 24.5300006866, 3.0, 183.0, 351.899993896, 1487341773.29, bil 
bla, 59.84867584, 10.83640506, 24.4099998474, 3.0, 184.0, 349.899993896, 1487341774.2, bil 
bla, 59.84888419, 10.83632405, 24.1599998474, 3.0, 184.0, 348.0, 1487341775.18, bil 
bla, 59.84909921, 10.83622981, 23.8700008392, 3.0, 184.0, 346.200012207, 1487341776.2, bil 
bla, 59.84931455, 10.8361196, 23.6599998474, 4.0, 184.0, 345.399993896, 1487341777.23, bil 
bla, 59.84951292, 10.83600509, 23.4599990845, 4.0, 184.0, 344.5, 1487341778.17, bil 
bla, 59.84968695, 10.83587399, 22.7800006866, 5.0, 185.0, 342.399993896, 1487341779.21, bil 
bla, 59.84990077, 10.83574624, 22.9899997711, 4.0, 184.0, 341.600006104, 1487341780.28, bil 
bla, 59.85010305, 10.835615, 22.8099994659, 3.0, 184.0, 341.200012207, 1487341781.19, bil 
bla, 59.85030419, 10.83548171, 22.6000003815, 3.0, 184.0, 341.100006104, 1487341782.18, bil 
bla, 59.85048585, 10.83535525, 22.3400001526, 3.0, 184.0, 341.100006104, 1487341783.23, bil 
bla, 59.85067827, 10.83523911, 22.0599994659, 3.0, 185.0, 341.100006104, 1487341784.19, bil 
bla, 59.85087315, 10.83511103, 21.7600002289, 3.0, 184.0, 341.5, 1487341785.2, bil 
bla, 59.85106004, 10.83499012, 21.8999996185, 3.0, 186.0, 341.700012207, 1487341786.27, bil 
bla, 59.85123897, 10.83487351, 21.9899997711, 3.0, 185.0, 341.600006104, 1487341787.31, bil 
bla, 59.85142929, 10.83475028, 22.3199996948, 3.0, 185.0, 341.899993896, 1487341788.16, bil 
bla, 59.85162232, 10.83463619, 22.5499992371, 3.0, 184.0, 342.799987793, 1487341789.2, bil 
bla, 59.85182279, 10.83453399, 22.6800003052, 3.0, 185.0, 343.700012207, 1487341790.35, bil 
bla, 59.85200919, 10.83442347, 22.7099990845, 3.0, 185.0, 343.700012207, 1487341791.19, bil 
bla, 59.85221004, 10.8343102, 22.6299991608, 3.0, 185.0, 343.799987793, 1487341792.19, bil 
bla, 59.85241996, 10.83418645, 23.0, 3.0, 184.0, 345.100006104, 1487341793.59, bil 
bla, 59.85261555, 10.83408579, 23.2900009155, 3.0, 183.0, 346.0, 1487341794.26, bil 
bla, 59.85281232, 10.83399766, 23.6299991608, 3.0, 182.0, 346.5, 1487341795.32, bil 
bla, 59.85302689, 10.83388623, 24.1299991608, 3.0, 183.0, 347.0, 1487341796.27, bil 
bla, 59.8532381, 10.83377511, 24.2999992371, 3.0, 181.0, 346.299987793, 1487341797.32, bil 
bla, 59.85345624, 10.83368685, 24.5699996948, 3.0, 180.0, 346.600006104, 1487341798.31, bil 
bla, 59.85366704, 10.83357608, 24.7099990845, 3.0, 180.0, 346.0, 1487341799.28, bil 
bla, 59.85388289, 10.8334804, 24.7399997711, 3.0, 178.0, 346.799987793, 1487341800.31, bil 
bla, 59.85410948, 10.83339277, 24.9300003052, 3.0, 177.0, 347.399993896, 1487341801.17, bil 
bla, 59.85432775, 10.83330422, 25.0900001526, 3.0, 177.0, 347.899993896, 1487341802.21, bil 
bla, 59.85454047, 10.83321546, 25.2900009155, 3.0, 175.0, 348.399993896, 1487341803.38, bil 
bla, 59.85476995, 10.83310425, 25.3899993896, 3.0, 174.0, 347.899993896, 1487341804.35, bil 
bla, 59.85499276, 10.83300024, 25.3299999237, 3.0, 172.0, 347.299987793, 1487341805.2, bil 
bla, 59.85521509, 10.83290412, 25.1800003052, 3.0, 170.0, 346.899993896, 1487341806.21, bil 
bla, 59.85542704, 10.83280001, 25.1299991608, 3.0, 169.0, 346.799987793, 1487341807.62, bil 
bla, 59.85564368, 10.8326991, 24.9899997711, 3.0, 167.0, 346.600006104, 1487341808.32, bil 
bla, 59.85586967, 10.83258982, 24.7700004578, 4.0, 167.0, 346.700012207, 1487341809.22, bil 
bla, 59.85608029, 10.83248146, 24.5699996948, 4.0, 166.0, 346.100006104, 1487341810.43, bil 
bla, 59.85628981, 10.83238936, 24.7600002289, 3.0, 164.0, 346.600006104, 1487341811.55, bil 
bla, 59.85651151, 10.83228677, 24.6399993896, 3.0, 163.0, 347.100006104, 1487341812.18, bil 
bla, 59.85672847, 10.83218972, 24.6000003815, 4.0, 162.0, 347.100006104, 1487341813.34, bil 
bla, 59.85694177, 10.83208457, 24.8199996948, 3.0, 161.0, 346.899993896, 1487341814.28, bil 
bla, 59.85715199, 10.83197654, 24.7299995422, 3.0, 161.0, 347.399993896, 1487341815.2, bil 
bla, 59.85736979, 10.83188958, 24.7700004578, 3.0, 159.0, 347.799987793, 1487341816.22, bil 
bla, 59.85759538, 10.83179851, 24.7099990845, 3.0, 158.0, 348.5, 1487341817.31, bil 
bla, 59.85781362, 10.83171202, 24.6599998474, 3.0, 156.0, 349.0, 1487341818.19, bil 
bla, 59.85802445, 10.83163655, 24.7000007629, 3.0, 154.0, 349.200012207, 1487341819.21, bil 
bla, 59.85825334, 10.83155205, 24.7600002289, 3.0, 153.0, 349.700012207, 1487341820.39, bil 
bla, 59.85847631, 10.83147179, 24.7800006866, 3.0, 151.0, 350.100006104, 1487341821.2, bil 
bla, 59.85869925, 10.83139384, 24.8099994659, 3.0, 150.0, 350.600006104, 1487341822.33, bil 
bla, 59.8589162, 10.83132126, 24.8299999237, 3.0, 148.0, 350.899993896, 1487341823.34, bil 
bla, 59.85913394, 10.83125572, 24.8299999237, 3.0, 147.0, 351.399993896, 1487341824.27, bil 
bla, 59.85936127, 10.83120606, 24.9599990845, 3.0, 145.0, 351.799987793, 1487341825.26, bil 
bla, 59.85959015, 10.83114975, 25.0900001526, 3.0, 143.0, 352.299987793, 1487341826.25, bil 
bla, 59.85980921, 10.83109426, 25.3500003815, 3.0, 143.0, 352.700012207, 1487341827.29, bil 
bla, 59.86004645, 10.83104459, 25.5400009155, 3.0, 142.0, 353.399993896, 1487341828.24, bil 
bla, 59.8602749, 10.83099743, 25.6200008392, 3.0, 141.0, 354.399993896, 1487341829.47, bil 
bla, 59.86050517, 10.83095638, 25.7700004578, 4.0, 140.0, 354.899993896, 1487341830.15, bil 
bla, 59.86072939, 10.83091876, 25.8099994659, 4.0, 140.0, 355.5, 1487341831.39, bil 
bla, 59.86096161, 10.83090153, 25.6800003052, 3.0, 139.0, 356.600006104, 1487341832.17, bil 
bla, 59.86119278, 10.83088136, 25.4200000763, 4.0, 139.0, 357.200012207, 1487341833.24, bil 
bla, 59.86141798, 10.83087881, 25.3099994659, 4.0, 139.0, 358.700012207, 1487341834.22, bil 
bla, 59.86163261, 10.83088013, 25.1299991608, 4.0, 138.0, 359.600006104, 1487341835.25, bil 
bla, 59.861875, 10.83088931, 25.3199996948, 4.0, 138.0, 0.10000000149, 1487341836.19, bil 
bla, 59.86209676, 10.83088451, 25.0699996948, 4.0, 139.0, 359.899993896, 1487341837.21, bil 
bla, 59.86236959, 10.83092862, 26.6700000763, 4.0, 138.0, 1.39999997616, 1487341838.33, bil 
bla, 59.86259029, 10.83093223, 26.0300006866, 4.0, 138.0, 0.899999976158, 1487341839.18, bil 
bla, 59.86282415, 10.83094384, 25.7999992371, 4.0, 137.0, 0.800000011921, 1487341840.52, bil 
bla, 59.86304097, 10.83093222, 25.0, 5.0, 137.0, 0.10000000149, 1487341841.56, bil 
bla, 59.86329252, 10.83094462, 25.5100002289, 5.0, 136.0, 0.10000000149, 1487341842.35, bil 
bla, 59.86348726, 10.83093498, 24.6299991608, 5.0, 135.0, 359.5, 1487341843.24, bil 
bla, 59.86369805, 10.8309164, 24.2199993134, 6.0, 135.0, 359.0, 1487341844.29, bil 
bla, 59.86392617, 10.83093274, 24.4500007629, 5.0, 134.0, 359.600006104, 1487341845.29, bil 
bla, 59.86414627, 10.83092851, 24.3700008392, 6.0, 134.0, 359.200012207, 1487341846.5, bil 
bla, 59.8643403, 10.83089582, 23.4200000763, 5.0, 134.0, 357.600006104, 1487341847.21, bil 
bla, 59.8645377, 10.83086847, 23.2299995422, 5.0, 131.0, 356.799987793, 1487341848.33, bil 
bla, 59.86473714, 10.83081551, 23.1599998474, 4.0, 132.0, 356.100006104, 1487341849.23, bil 
bla, 59.86493419, 10.83075841, 23.1299991608, 4.0, 134.0, 354.899993896, 1487341850.21, bil 
bla, 59.86512089, 10.8306953, 23.0400009155, 4.0, 134.0, 353.899993896, 1487341851.33, bil 
bla, 59.86532857, 10.8306491, 22.9899997711, 4.0, 136.0, 353.399993896, 1487341852.21, bil 
bla, 59.86552497, 10.83059321, 22.8799991608, 4.0, 136.0, 352.899993896, 1487341853.17, bil 
bla, 59.86572796, 10.83053561, 22.8400001526, 4.0, 136.0, 352.399993896, 1487341854.23, bil 
bla, 59.86592775, 10.83048677, 22.7999992371, 3.0, 139.0, 352.399993896, 1487341855.23, bil 
bla, 59.86612821, 10.83042807, 22.6800003052, 3.0, 139.0, 352.299987793, 1487341856.29, bil 
bla, 59.86634837, 10.83036103, 22.6200008392, 4.0, 139.0, 352.0, 1487341857.22, bil 
bla, 59.86653456, 10.83030188, 21.9599990845, 4.0, 140.0, 351.600006104, 1487341858.34, bil 
bla, 59.86671328, 10.83024069, 21.5200004578, 4.0, 139.0, 351.399993896, 1487341859.26, bil 
bla, 59.8669034, 10.83017883, 20.8999996185, 3.0, 140.0, 351.200012207, 1487341860.23, bil 
bla, 59.86708004, 10.83012732, 20.2600002289, 4.0, 139.0, 351.0, 1487341861.39, bil 
bla, 59.86724746, 10.83006295, 19.5499992371, 4.0, 140.0, 350.299987793, 1487341862.2, bil 
bla, 59.86740642, 10.82999967, 18.7999992371, 3.0, 140.0, 350.0, 1487341863.28, bil 
bla, 59.86756607, 10.8299394, 18.5100002289, 3.0, 140.0, 349.899993896, 1487341864.2, bil 
bla, 59.86772707, 10.82987214, 18.1700000763, 3.0, 141.0, 349.5, 1487341865.28, bil 
bla, 59.86788062, 10.8298158, 17.8899993896, 3.0, 143.0, 349.5, 1487341866.27, bil 
bla, 59.86803322, 10.82975927, 17.7800006866, 3.0, 143.0, 349.5, 1487341867.24, bil 
bla, 59.8681947, 10.82970495, 17.8299999237, 3.0, 143.0, 349.600006104, 1487341868.38, bil 
bla, 59.86835547, 10.8296428, 18.0799999237, 3.0, 144.0, 350.0, 1487341869.21, bil 
bla, 59.86851602, 10.8295887, 18.25, 3.0, 144.0, 349.600006104, 1487341870.23, bil 
bla, 59.86867127, 10.82952576, 18.5, 3.0, 144.0, 349.200012207, 1487341871.34, bil 
bla, 59.86883314, 10.82946105, 18.6800003052, 3.0, 145.0, 348.799987793, 1487341872.27, bil 
bla, 59.86900251, 10.82939057, 18.7999992371, 4.0, 145.0, 348.0, 1487341873.21, bil 
bla, 59.86916701, 10.8292996, 19.0499992371, 4.0, 145.0, 346.200012207, 1487341874.24, bil 
bla, 59.86932858, 10.82921262, 19.2600002289, 4.0, 146.0, 343.899993896, 1487341875.33, bil 
bla, 59.86949704, 10.82909979, 19.3700008392, 3.0, 147.0, 341.5, 1487341876.23, bil 
bla, 59.86965696, 10.82896729, 19.6100006104, 3.0, 148.0, 339.299987793, 1487341877.21, bil 
bla, 59.8698143, 10.82882906, 19.8400001526, 3.0, 148.0, 336.899993896, 1487341878.38, bil 
bla, 59.86997031, 10.82868816, 20.0599994659, 3.0, 148.0, 334.700012207, 1487341879.49, bil 
bla, 59.87013568, 10.8285241, 20.3400001526, 3.0, 150.0, 332.700012207, 1487341880.25, bil 
bla, 59.87030378, 10.82834714, 20.6100006104, 3.0, 149.0, 330.399993896, 1487341881.16, bil 
bla, 59.87046373, 10.82816421, 20.5100002289, 4.0, 149.0, 328.799987793, 1487341882.22, bil 
bla, 59.87061527, 10.82797419, 20.6499996185, 4.0, 150.0, 328.0, 1487341883.29, bil 
bla, 59.87078038, 10.82777515, 20.7800006866, 4.0, 150.0, 327.899993896, 1487341884.19, bil 
bla, 59.87095876, 10.82756496, 20.9599990845, 3.0, 151.0, 328.100006104, 1487341885.33, bil 
bla, 59.8711158, 10.82736414, 21.0599994659, 3.0, 151.0, 328.700012207, 1487341886.26, bil 
bla, 59.87127006, 10.82717631, 21.1800003052, 3.0, 152.0, 328.700012207, 1487341887.48, bil 
bla, 59.87142917, 10.82697786, 21.1900005341, 4.0, 152.0, 328.399993896, 1487341888.28, bil 
bla, 59.87159355, 10.82676941, 21.1599998474, 5.0, 152.0, 328.399993896, 1487341889.26, bil 
bla, 59.87175706, 10.8265744, 21.2199993134, 5.0, 152.0, 328.799987793, 1487341890.32, bil 
bla, 59.8719262, 10.82638215, 21.4599990845, 5.0, 153.0, 329.399993896, 1487341891.3, bil 
bla, 59.87209757, 10.82620167, 21.3400001526, 4.0, 153.0, 330.5, 1487341892.33, bil 
bla, 59.87225769, 10.82602422, 21.4300003052, 4.0, 154.0, 331.700012207, 1487341893.22, bil 
bla, 59.87242919, 10.82584815, 21.4400005341, 4.0, 154.0, 332.600006104, 1487341894.2, bil 
bla, 59.87260655, 10.82568468, 21.5, 3.0, 153.0, 333.700012207, 1487341895.34, bil 
bla, 59.87278489, 10.82552391, 21.5599994659, 4.0, 155.0, 335.200012207, 1487341896.36, bil 
bla, 59.87296311, 10.82537549, 21.6000003815, 3.0, 155.0, 336.399993896, 1487341897.48, bil 
bla, 59.87316667, 10.82521188, 22.0799999237, 4.0, 156.0, 337.399993896, 1487341898.4, bil 
bla, 59.87335725, 10.82506681, 21.9500007629, 3.0, 156.0, 338.299987793, 1487341899.28, bil 
bla, 59.87353699, 10.8249384, 21.7999992371, 3.0, 155.0, 339.100006104, 1487341900.52, bil 
bla, 59.87372908, 10.82480573, 22.3799991608, 3.0, 156.0, 339.600006104, 1487341901.34, bil 
bla, 59.87392054, 10.82466159, 22.5300006866, 3.0, 156.0, 339.399993896, 1487341902.26, bil 
bla, 59.8741007, 10.82452203, 22.6900005341, 3.0, 157.0, 339.200012207, 1487341903.2, bil 
bla, 59.87428958, 10.82438643, 22.8099994659, 3.0, 156.0, 339.399993896, 1487341904.26, bil 
bla, 59.87448619, 10.82424083, 22.9099998474, 3.0, 156.0, 339.399993896, 1487341905.36, bil 
bla, 59.87467169, 10.82409053, 22.8600006104, 3.0, 156.0, 339.399993896, 1487341906.28, bil 
bla, 59.87486188, 10.82393937, 22.8299999237, 3.0, 157.0, 339.200012207, 1487341907.19, bil 
bla, 59.87505968, 10.82377262, 22.7000007629, 3.0, 156.0, 338.0, 1487341908.25, bil 
bla, 59.87524839, 10.82362507, 22.6299991608, 3.0, 156.0, 337.200012207, 1487341909.38, bil 
bla, 59.87544301, 10.82345246, 22.4599990845, 3.0, 156.0, 335.600006104, 1487341910.19, bil 
